"","Subgroup","Attomoles_ul","Copy_number","Copy_number_used","SEQ","GC","LENGTH"
"ERCC-00002","D",15000,9033212685,45166063.425,"tccagattacttccatttccgcccaagctgctcacagtatacgggcgtcggcatccagaccgtcggctgatcgtggttttactaggctagactagcgtacgagcactatggtcagtaattcctggaggaataggtaccaagaaaaaaacgaacctttgggttccagagctgtacggtcgcactgaactcggataggtctcagaaaaacgaaatataggcttacggtaggtccgaatggcacaaagcttgttccgttagctggcataagattccatgcctagatgtgatacacgtttctggaaactgcctcgtcatgcgactgttccccggggtcagggccgctggtatttgctgtaaagaggggcgttgagtccgtccgacttcactgccccctttcagccttttgggtcctgtatcccaattctcagaggtcccgccgtacgctgaggaccacctgaaacgggcatcgtcgctcttcgttgttcgtcgacttctagtgtggagacgaattgccagaattattaactgcgcagttagggcagcgtctgaggaagtttgctgcggtttcgccttgaccgcgggaaggagacataacgatagcgactctgtctcaggggatctgcatatgtttgcagcatactttaggtgggccttggcttccttccgcagtcaaaaccgcgcaattatccccgtcctgatttactggactcgcaacgtgggtccatcagttgtccgtataccaagacgtctaagggcggtgtacacccttttgagcaatgattgcacaacctgcgatcaccttatacagaattatcaatcaagctccccgaggagcggacttgtaaggaccgccgctttcgctcgggtctgcgggttatagcttttcagtctcgacgggctagcacacatctggttgactaggcgcatagtcgccattcacagatttgctcggcaatcagtactggtaggcgttagaccccgtgactcgtggctgaacggccgtacaactcgacagccggtgcttgcgttttaccctt",0.525554484088717,1037
"ERCC-00003","D",937.5,564575792.8,2822878.964,"cagcagcgattaaggcagaggcgtttgtatctgccattataaagaagtttcctccagcaactcctttcttaattccaaacttagcttcagttataaattcccctcccatgattgggattttataaacttttcttccatataattcatctttcttctcataaccgtctccgaaaaacttcaacttaaatccaacctttaactgctcatcagccatgtctcccacagcatcaaaaatagcagttgttggacatgttaagacacactgccccaatctctctaacatttgatgctctaactctgactttttagggtggcatatctgtattataaatcctggtcttccatctggtgtttttgatggagggacatatttctcaattcctgcttctgctggacacattataactgaacaaccaaaacctgttgcctctgtagctgcaatcttagcccacttctttgtagctgctgttattaaaactcttgaaacccatattgggaatgcttctgcaaatgtatcttcaatatatactccatttatttccatagtttccctccattaagattttaacaattatagtttatcttaggggctattaatatcttatcatttggtttttaatattcgataaatccataaataaaaatatatcaacaataattttaaataatctaagtataggtaatataacaattaaaaagatttagagggatagaattgaacggcattaggagaattgttttagatatattgaagccgcatgagccaaaaataacagatatggcattaaaattaacatcattatcaaacattgatggggttaatattacagtctatgaaatagataaagagactgagaatgttaaagttacaattgaagggaataatttagattttgatgagattcaggaaattattgaaagtttgggagggactattcacagtatagatgaggttgttgcaggtaaaaagattattgaagagttagaacaccacaagat",0.334334334334334,999
"ERCC-00004","A",7500,4516606343,22583031.715,"tcttgcttcaacaataacgtctctttcagaaggcattggtatcttttccccacttccaagcattttttcaactaatcttatgttattaaccatttccttaaattcttctgggtctgctgacaaagcatgatcaggaccttccatatttttatctaaggtaaagtgcttctcaataacatccgctcctaaggcaacagaaactactggggcgagtattcccaatgtatggtcagaatatcccacagggatattgaatatacttttcaaggttttaatagcgtttaaattgacatcttcataaggggttgggtaagatgaaatacaatgcaataaaataatatccctgcatccattattttctaaaactttaactgcttcccaaatttccccaatatcagacattcctgtagataaaatcaccggcttgcctgtttttgccactttttctaataagggataaaaggttaaatcaccagaggcaattttaaatcaggcacat",0.360721442885772,499
"ERCC-00009","B",937.5,564575792.8,2822878.964,"caatgataggctagtctcgcgcagtacatggtagttcagccaatagatgcctagtacgctgacggcattcagagtacgctgatcggcttatgacgtatgtgacgcagctcttagcgcaatgtatgtgctgttatcgaagcctatggctgagtatgtaacgctatggcgtgctagtcgtctcatatacgtctgatgacctcgtatcatgttatagggctgcgaactgtcgatgatggtcacgactctgtcgatagctgtgtgactcattcagaaggtgtgcagcctatatgatacgcagtcgcatcctatcttacgtgtcagtactatgtgtgagtgctccgccctagtgctgatgtatgccccatagtgctcagtggagtctctcttagcatagtgtccgctcatacattagatggacggctcattagtatcatcgtcggctgatataggtcgtggctccctgtatatcgaggtgagtctatctggatcaacgtcgcactatgatgtgcaaagtgtcgtccatgtatagacagtgcgcgtatcatataggatgcggcgatctcatacagcgttacggtcgctgcgtactgtataaggatgctctgtgaactgtcatcggtccgatcaattagtctagtgtgcgttattcagatcgagtgagtacatgattcgtcagtgtggatcaattacagttaggccgctgacacattagtaacgtcggcaagcacttagtcgtgtcgtaagccagtgtgtcgtgtcttagacgactgtgtgtgattctcgagcgatttatacatccgtgacagcgcttatagtgtgctgacagactggttggttatccaatgatcgacctggagtctaatatctgaccacgccttgtaatcgtatgacacgcgcttgacacgactgaatccagcttaagagccctgcaacgcgatatacaggcgctgctaccgatat",0.484375,960
"ERCC-00012","C",0.11444092,68917.94468,344.5897234,"cgagagatgtttgtaggtgcggaatgtgtgcggtctaccttagctgtagtgtgcgatgaacctacacacaacgtggtatagtggccgatcttagagtgatcctatcactccttacgcaccagaagggatctgcataccaggcggagaacttggaaggcggctagatcactgaattgcgggaatcggcatttcgcattcttaggatctaaaccttagacctccgcgtgcgattgcacctgcttggtacagagttacaagccccccgcactttctttgcggtcgttaagagggaaatcgcccaattagcagagtgtcaggtgttacgcgcgattgagccgtcagaagaatcgatagagccgcgtcgggaccttgatggtatctctgcctcagctaacctgctaggtccgtcccctggggatgatcaggactgcggatagtaaattgcgggtttgaagccggacttgccgcctaggcaaagcacaaaaacatcggacatgtagaagtctcatcgaactcctttcccgttcatgcagatacttcaactgtgactagtggggttcgggagcacccgcactacttcattcttggcggtgggccactttatgtgactgtacatgggacttctactcataccaatgtaaagtatagttaacgccctgtccactctactcaggcgtaatcatcgcggaaggctatccacagcccatcagcggtctacatgtcccagcagattcacctgtcctgcgggtccgcgtcacagcctattctgaggctctaaagactatgcgaaccaggtgtcccagtcgatcagacgacgaagtcgggaaggaagcatggataccaaaaaggctttatatactgggttatcctaggggatgtttttaccggactggtcagcctcggtgcgctcggcctaggcgcttactgcatgggggctgtgggcaatttggtatttctcaggactatggac",0.521649484536083,970
"ERCC-00013","D",0.91552734,551343.5454,2756.717727,"accgagctcagatgtgaaggatcttcttggaggattaaaaaaatgattatctgtaaaaccccacgtgaacttggtatcatgcgggaagcagggcgaatcgtggctttaactcatgaagagttaaaaaagcacattaaaccaggaatctcgacaaaagaattggatcaaattgccgaacgttttattaagaagcagggtgcaatcccatcttttagggggtataatgggtttcgcgggagcatttgcgtatcagttaatgaagaactcgttcacggcatacctggcagcagggtgctgaaggacggtgacatcatcagtattgatatcggtgctaaattaaatggttatcatggtgactctgcatggacatatccggtaggaaacatcagcgatgatgacaaaaaacttctggaagtgacagaggagtctttatataaaggcttgcaggaagcaaaaccaggtgaacgtttgtcgaatatttcccacgcaatacaaacgtatgtcgaaaatgagcagttttcagttgttagggagtatgtcggacatggtgttggtcaagacttgcatgaggacccgcaaattcctcattacggtccgcccaacaaaggaccacggcttaaacctggcatggttctcgctattgaacctatggtgaacgctggcagccgctacgtgaaaacattggctgataactggacggttgtaacggtagatgggaaaaagtgtgctcattttgaacatacgattgcgattacggaaacggtttttgaatactgacgagagt",0.441326530612245,784
"ERCC-00014","D",3.66210938,2205374.194,11026.87097,"aaaagaagaaggaaagtagaggagatcaagatgtcaaacgaaacaattaaattagtcattgcgggaccgcgtggaagaatggggcaggaagctgttaaattggcagaacgaacaccacattttgaccttgtaggggccatagaccatacatacgatcagcaaaaattatctgatgtgatgcctgttgagtcagatgctttcatttacacagatatccttgcctgttttacagaaacacaaccggatgtcttgattgatttaacaacgcccgaaatcggaaaagtacatacaaaaattgcattagagcacgtagtccgtccagttgtcggaacaaccggtttctcagaagctgatttaaaagagctcacatctttaacagaagaaaaagggatcggagccatcatcgcgccaaattttgcgctcggtgcgatactgatgatgaaattttcaaaaatggctgccaactattttgaggatgttgagattattgagcttcatcatgaccagaagcttgacgcaccaagcggaactgcgcttaaaacagcggaaatgatttcagaagtccgtaaagaaaagcagcaaggacatccggatgaaaaagaaattctcccaggagcaagaggagcggagcaaaacggtattcgcttgcacagcgtccgtcttccgggactgatcgcgcatcaggaggtcatgttcggcatggatggccaaacgcttcagatacgccatgattcttataaccgtgcttctttcatgtcaggcgttaaactgtcagtcgaacaagtcatgaagattgatcagcttgtgtatggtttagaaaatatcattgattagacggggggataaacaatgaaaattgctttgatcgcgcatgacaagaaaaaacaggatatggttcaatttacgactgcctatcgggatattttaaagaatcatgatctatacgcaaccggaaccacagggttgaaaattcatgaggcgacaggtcttcaaattgaacgttttcaatccggccctttagggggagaccagcaaatcggtgcactgatcgctgccaatgcactcgatcttgtcatttttttgcgcgacccgctgaccgcgcagccgcatgaaccggatgtctcggcattaatccgtttatgtgatgtgtattccattccgctcgccacaaatatgggtactgcggaaattcttgtgcgcacacttgatgaaggtgttttcgaattccgtgaccttcttcggggagaagagccgaatgtataatgctgacgttcttgcttttggcgcccacagtgatgatgtcgagatcggaatgggcggcacaatagcgaagtttgtcaaacaggaaaaaaaagtaatgatatgcgatttgacagaagcggaactctcttctaacggtacggtcagtttgcgtaaagaagaagcagctgaagcagcccgcatattaggcgcagataaaagaattcagctaacgcttccagaccgcggcctaataatgagtgatcaggcaattcggtcaattgtcactgtcatcagaatctgtcggccaaaagcggtttttatgccgtataaaaaggatcgccatccggatcacggcaatgcggctgcactggtggaagaagcgatcttttccgccggaatccataaatataaagacgaaaaaagccttccggcgcataaagtcagcaaggtttactattatatgataaatggttttcatcagccggattttgttattgatatctcggatacaatagaggcaaagaaacaaagcctcaacgcctacaaaagccagtttatcccgtcaaaggattccgtttctactcctctgacgaatgggtatattgaaatcgttgaagcgagagaaaagctttacggtaaagaagcgggcgtggagtatgccgaaggtttcttttccaaacggatgctgaag",0.446456285566477,1933
"ERCC-00016","C",0.22888184,137835.8894,689.179447,"gttgtaacgaatgttaatttaggaggcaagagtttgtgggcgcggacttgcagctcgtaacgctctaaaagggttatgccgctgaggcgggaccatagtcaggaagtttgtccgatccgctccagttgtcaagagtagaggatttcgtgttcgccgatactgccgaaaacgtcataccgaagcaattctgtcgtcactctgtatgtccgtgccccaccttcgagtatgagttttaaagttcgtgcagagacatagctcgcgcactccctgtgtgatgccggtcggccgacacatgcttcaatgtgccttgaacttgcattcgaaagaatgtccttatcttgatcggccattgtaatgcaacgctctcctttcattgacacgaggttcgtagatggctgttactcgcggacgttaaataaaactatcagcgtcagcggattaggaggcttacgggggaacctacaattgttcgccgcatggtccgaaggcgccatgtccctcagcggagcgacaacaattactactggagctattgtaaatacgcagcaacaagcgtccagacatttgccgctgacctccagtcgcatggacgggggagaacagctggagcaatgcatcattcgctgagggacatccaatcacggaatcaaggaagaattaccaattttacctgtaacgaaaccaatttattactgacgcagagtgaatcacatctatagcggttacgaccctccagagtgatccgacggcgatgtgtctttgacccccgtgtgactggtgttcctgtcgtatccgcaacatgtttactcatcactacgtt",0.498780487804878,820
"ERCC-00017","A",0.11444092,68917.94468,344.5897234,"gagaactgaaagtgagtcccaacgagagaggtgcatctgtccagtgagagctgactgtctgcgacaacactagtcggtccaggcatggatttcgcgacctcacaacttaaggaggcggtaaatcagatgacagcgcgaccctgtaatgggtgacctgctagtggaggtggcgcggtgtcccagatacaaggatctcgatgtagtaccctcacataactttgctccctgaaataacattcgatcactctaatgaatcccttaagccaggagcgttagtgtcaaacgcaacgccccgggttcatgatcctggatggctggtcgaaccagggagatgtcactctaataggtgccaaatgtaccgcagaacctcgtaggcgttcgcccaattggacccgaggtataatgtagacgggcacgctgactgggcaaaagattacaatcccagttaccatacagtcgcccggtcaggatcggggcatgaaggcaatatgttggcgcatcccagtctttccgtagaaacagtggctaacgacggagatactgccgggcaagaaaccttgaccaagtatgcgcgccttgtgagtctccatggacttgctgcacctacaaatccggaagggcgcttatagtgcttgctagcactccctggaatatcttaatcccgccagctcatgggacgggaggaatgtgttagaccataaacagagggctggccaacaatcagagggaagtaagccccgcaaaaggattctgcgggaaccgaattacacaacgtaaggacgtacctgctcctacccccgaaccactgtcaatacgataatgcgcccaaaacgagggatcgagacggtcggagtggcagtccagcttaaacaggtgctcgccgaaactagctggccagggtgaggcatggattcaaagccaatgaccgaagaaagttccgacatacaattactcggcttttggcaatacccaggcgagaggtaagcccaagccataccgggaatgacctgagatccacttagtaagtcttacgagatgatcccgacccaggactggagctaggcggttgcgcaagtaacttcatcatgtatcgctggggaataatgttcctg",0.524280575539568,1112
"ERCC-00019","A",29.296875,17642993.53,88214.96765,"ctttaatggttgtacatacttgacggattgcagtgagtgtattcccgtcccatcgtatgggtaacccataggggcgtgtcattcagcacttcggatagtgtttgaccgcgtcgctcccatgtcgcctttcaggagaaatagtacaggctgctggctcatgtttccttctacgctgcacttgcgggcatagaggtcggttgcgatctatattcggagataactattcacccagcgccactcgaatatcccctcttctgagcaagaggccaataaatgctcaaaaacgagcgattgtccaacgacataaagggagactgtaaggtcctagcgctctgtctgttagtgagagccctaggtaaacacggtcgttatcccctagagcgtgaagcggctgtagatatctctgaatcttcgaccttggtgtagatggggctaggtcaaaaagcggtagcgattagcacttgtatacactctccccctactaagtatgtaaggcctgaccggagatttgtccatgctcaccaggaccgatagttgggccccggtaatcttgccgccgtagggagtacgagcagtgcaccgttgaaacaagcacaggaggtatgaagcatcagacctga",0.506451612903226,620
"ERCC-00022","D",234.375,141143948.2,705719.741,"cccgggccaattgcctctataactagagctgagcccaccattaaagcgattttttcgcacttagccgtaataaatataatgatcccgcggtgtagtaattctacggaatgcacggaatgtcataagcagaaggacgtgatgtgcaacctactcccctttcccaagtaaatgtacgggaattatcgtttcgttaccgacaaccatggggccacgtggccagtttgcccctattaggtggataggcactgagtacagaatatataaagcgtgacggatgaaaacgcacccattgtcaccgattgtgactagttgaccctatcacccctactgtgttcagacgtcgttctactaaaggcccgtgccgccggaagctcatttaaaaagaactcgtaagtaagccggcgacatatctagcaaaacatagtcccccttctgctcagaggttatccataagtgacttaccagatggagtgccaaggtacagacctccctcccaactggttcctgcaggacgttgctatatcacttctggccgtccttatgggttacccctcgcgagtgccatcgcatcgactgacacacctgcattctattttatgctctactgacggcgacgagttttttgtagcgtcgatcgcggagttaaggtcattggggaatagaaccatagcgcttgggtttgtgactttctccctagatacgcgtttgctgactgcgctacatggat",0.488308115543329,727
"ERCC-00024","C",0.22888184,137835.8894,689.179447,"acggaggagctttggcatactaggctagcgaatctgcaactaacgcaagttacatcctagctagcgaagggcgtcccaattttcgctaacccgacgcgacgcataaaaagcgagaataacgcctaagggatgtacaatggatgttgattatgccttcgggaatgagggatgatttgcgaaaaacaagtcaatacctaaccaaatccgctaatggacacccgtaatcgtgcccaagtttaactggtcggtaggtggcaggcaaagcgctagtatccctaggcgcgacactataagtttacaactgcgagaattgacactatgagcgcgcatactggggccagaataggcaataccatgtgcgtccctgtgtgaacagctcgcggccatcagaagttgggattgacgcatgatcttgatcgagcatacggcttccaccaacccatagtacttggtaactatagcaatcaagcacgcgtgagcacaacgctatccaaattactacattaactgga",0.484375,512
"ERCC-00025","B",58.59375,35285987.05,176429.93525,"ggggtccattatagtgcaggcgtggtaaagtagcattagaaccctactacttagcccgcgcaactcgtcctattaaaagtcggaaggattagggaagttaacctccgttagggcctcattggcgcgcctccacgtatctgtattcccgtgtcccgactggctaataagagatatggtgcagcgtgaacgcggaccgaactccggtgtgcgccggttcatgttactcgaaaaatagaccctacttgcgccatgtcatctttcactacggggtagtctctcggccaggctttgaatcgcctcatccgcttctcaatggttctgtcctgacctctggagttaatcttcgtctcatagagtaaccaggcgacgcaccacgcctagttggtaccaccactagaagcccggttcgctggctcagtgctaatattctggaggtcagccgacaggtcacatgagcctactcgtctcgtcaaacacccgcctagccatgattaacaaatacagtgattaagtgtgttttgaccctagtgttaggtcgctggtacttagcaaggggagttgcatatgtggtctctgtttcgggttatatctatcatttacttgacaccctattggtttatcacagtccttccacacgaccatacgcgttgtaagaataccctctagcgttggagagaataagttcgatgttcaattcacaaaaccgagcaaaggcttgtcgacagcttctactagtattcactaccaaaacgcgtaccgactttagggcggtagagagaattgccattgccacgaggttctccagaatacagggtccaggcggcccccagcatcggagtgcctgaactggcggggatgcccaagattgtagagggcctaacgagtttgatacgcccgggactacggggcattgtctgccgcgtctgtttcaggtaaacgatcaaccggagaccaggttattcccatgtcggtccccaggcttatactgcggagataggctgatgatggtaggtgccttgctctagcaaaaacgcgcacagcttatgagcatagcggctgggcgtaggtcagagagggtatgtaagatctctcctctatcggtgtgcgtctactctgcccccttcgacacaaatgtacatcgcgggaaacggatacgccttacgccccaaggtttagcgtatcaaaaaatgcaacgattccgatgtcgaaccttggataggagcgaccgattacgtgttaattggccctgtacctttctggtccgttgattatcactcatccccaggttgttatggtctaccgtggaagcctcgtcaatgaatactttgagcgcgattgaagtgctccgctacatcgcggctatcattaaaaattcccctttaacaaaggttgtggacgtcaacggccctgcagtagcgttccttggacccggttcgagtacccagagcagactacgtatatatccaagtggttatgtccgacggcattttgccaggttagtatcttcggcaatgagttgcgtctacggctaatcgagagcacttgtcagtacgcgcaattactacatggagtgtattcgttttgagcgctgatacagttctcctatcaaggtcgcaaaaggttgtctagaaaagggccgtgcgcgcagtctactgctaccggcgactttacgacgaagttaggcatcagacgaccacatgacggagaattacgtacgccacttcagacgttctgcctgcgtgctctgcaatataggcgtagcaacgaagctcggtcgtgaactgctataggaatagcctgatacgagcgcacaacaagaacgaaccagcgaaactacccagataacatcgctccccggcattactctgacgggggttgtcactaggctggtgggtcctttcgcctctcatgtcaattccctttgttgggctgcttggaagtactgatactagagtagcctagtaatacct",0.50761421319797,1970
"ERCC-00028","A",3.66210938,2205374.194,11026.87097,"aagaaagtattccattccggctcatggtcccggctagacctgcaagatcgaaggtactcaatgacaccagtgactgagcggtcagcccggaaatagccagaaatgttaccatccccgcatgttacacaaacgtcgggctgacggaacccatgagaacctatggtgaatagacagtaaacgagcgcaaaggcgtgctgccaagggctcccaccgaatgtagaactgatctgatttccgtgacagggaaacgcaatgcgaggttccgcaagtccacctataatctgtgaccgctcgtagaacatggttagggcctgattcagttaaatcaagccacctctgacagaacgacgagtcagtggaatcgacttcacacctcagagtccactcacgtgctgtaagtcaaaacccagtgaacttctcaaccgtgtagcgctcctagaacattcaggcgccactgaggggcatatggatgaagcgtgatacgaattacctccaacgaatgccagctgggaggaggatagggactatgtcttcgtcaatgctcccgtcaaatgcctttctaaataccttttcgacctctctgtgtggaatggggtctagaaccaaggactaaagcggtgcacgaggccctttggatatgtccttcttgggagggcccacagccaaagccacccatcacagctggaatctaatcttgtgacccagtattaaccgtgagatctacacaaccgacaagcgctagcttcctccccggtcaagtagtaatgccgggatgactttgcgtgtcctatagcgatcgagccctcgaattcacgtcgtcaaagtggaatgatcagattaaagggctgtcgggagggatgtgtaggccactaacacccctctgcacgaactatagatacgtctttcatcggtacgctcgaaagcgcaggtggctcccaaatcgtggggagttaatcgagctgcggattggtccccacgccttacggcagcgaacataatcccgctgatgtgaagtcgatctacaaggtaaacaacggggaatataattcagttgaaccggtgtggagcctgcacttggaacgctgcataagggacccaacagcccc",0.517179023508137,1106
"ERCC-00031","B",1.83105469,1102687.097,5513.435485,"gggagaaaagcttcttgcctagttacagcacgaagattgggacccatcgatcagcgcctccgtgcaatggcgccttggtacactctctaaaatgcagtcggtagcggggcatgtagttactgcggtgatattaagctagtgagtaaccttatatcgaactgtctaccaaattgatgtatctacattagccgtacgatgagacaatgaaccgtgtctacgctcgggagcattacccctatcatgagcctacaagcacctgactagaccaggagacaacttgagcgagacactagcgagaggtgccgatataaggtacattgttgcggatgtcaacatcgcatttttatcccctggcgggatgcaactaacaccagtaatgtcgttctccacgaccccctacccgaaaacttactcgtatgagtactttcgcgacgactcggctgtgtagtttccaagcaggcccctggctagacccatttgtaccacgcggaggatcatcggaatccataatcggccacaaactagccggctggaaaccttgtgatatcatgaacgaggagtaagagctggttagtgaatcaccttgagggcgaggaacacaacaattctgcgggttagcaggaaggttagggaactcgctcatagcatattagtaccgctatctcctttccttggcgcgacatctcccaaagttaggctgattctgccgcctgtgatcgctatccttatttgtggcagaatatgtcgatgcaaaaaaccttaattcgtgcttcatacatcatccccgagaactccacggctccactcccgcttatcacgcgtgggtgctaaatgatacgaagtgtggcagtctatgttaacttggagcatcatatttatttctgttcacggatgaaggcctatatcaatgatcattaaagacattccgtcatcggctacatgcaaagaggcttttccaccctgtttcggtgattcaggtgtcgagcgaccattatctgtcggctcatcaccgaaccggccgtgatagagtcttcgcatcaggttacaccatgtcgactgatagtaactgtggttcgagttatgcgtgttgacacaccgttgaggcgccctattt",0.488330341113106,1114
"ERCC-00033","A",1.83105469,1102687.097,5513.435485,"gcacgccctatttaactggaaaccttccaagattcggagagcatataagttgggccgaaagctcagctgtgagctttgcaaactctgtcttaggagctaagacaaatagagaaggtgggccatcagcattagcagctgcaattattggaaaaacaccatattatggatatcacttagatgaaaatagaaagacaacacatatcattgagttagatggacaattaatctctaactttaaatatggagagagtttttatggagctttaggttacttagttgggaagattgttaagaatggcattccatattttgaaaatctatataaattaaatccaaataacgataatttaaaatccttgggagctgcaatggctgcaagtggtggtatcgccttatatcacgcaaaaaacttgacagctgaatgcagagttaaagaagttgttaatgataaaattgaaaagatatctattggagttgaggagataaaggaagcttatgaaaaattaaatacaacaaatgaagagccagatttaatttgtattggttgccctcactgcagtttaatggaaattaaaaaaattgctgaacttttaaaaaataaaaaattgaatgctgatttatgggtttgctgctctcttcatattaaagcaatagcagatagaatgggatatacaaagattattgaaaaagctggtggaaaggtagttaaagacacctgtatggttgtttctccaattgaggatttaggttgtaaaagagttgcaacaaactctggaaaagctgctgtttatctaccaagcttttgtaagagtgaagtaatttttggagatattgaggaattgttaaaagggagataatgctgaatccaataatcttatttttggctattatttttgatagaatcattggggagttgccagagagtattcatccaacggtttggatagggaagttgatagcttttttagagaacatatttaaatctacaaattgcaaaaataaatatagagattttttgtttggctcactagcaacgtttattactctattagttgtgggagttatagctttttttgttgataaatgcataatgctgttaccatctcctttaaactatattatctatggttttttgttatcaacaactattggctacaaatcattattcgaattctgcaaaaagccgattgaatatataaaaaatggtgatttagagggagcaaggaaagctgttcagcatatagttagcagagatgcctcaaagttggataaagagcatgtattatcggctgcagtagagagcttatccgagaacataacagacagtataattggagctttattctatgctatattttttggtttgcctggagcctttgtttatagggcgataaatacattagatgcaatgattggttataaaaatgagaaatatctatggtatgggaagttagcagcaaggttggatgatattgccaattttattccttcaagaatagcagggattttgctaataattactgccccattttataaaggagatgttaaaaaggcaatatatgggtttttaaaagaagctaataaggttccatcaccaaactctggttatacaatggctacattggcaaatgcattaaatataactttggagaagataggatattataaacttggtagtgggaaaatagatgttgaaaaatctttaaacgcttttaaggcagttgattatacagtcgttgtgtttttaattatttataccttaatttggtggataacatgataagtaaagcttattacactacagagattccagaggatagatttgaagctctgagttgtattaaagatagtcaaaaacctcttaaaattatattacttggaggagttgatagtggtaaaacaacattagctacttttttggcaaatgagcttttaaacttaggatttaaagttgctatagtcgatagtgatgtagggcagaagagcattttacctcca",0.330830830830831,1998
"ERCC-00034","B",7.32421875,4410748.381,22053.741905,"ggtattacccagcactcgtatggcgccccatcgttgtatcagcaggagcatatgttgctcttgattgtatcacttcgcgagaaagaccccttgaatacacgagctgccgtccggataacgatgtaatagcctatggaggggaagtagtcatgtctgcggactattggtaagagcaccgcctcgtcgtacgtggacacgaagctgttcggccgcacgcaagtacctcccacttagaaagcgaataacccaacgaccgtgttcaaccctggccgtctctcaaccaggtatgcaatcaacgacattggcccagatgtagggccgtcttggtggattgaaactcggatcgatcacgtatggtctagaccttatacaacacctgtgcgtgcgtctgcgtctggcgatggtgggtagcggtccggaccacgatcgtactgtaggcggcccaaatgcggatctttaggttgaccgattgtacatctcgccatagcccttttcgtcacaacctttataaaaggggtcaggccactgtgtgaatcagatggcaagcccgtatccgtatagaaacatacgtttctctggccacgaccaataattatgcactgttggctcggaagcgggtctacggagaacattagatatcgacctaatatcctgatagctagctttcccgaggataggcgaggatgggcgtgctagacacaggagcattgcatcacatgaataaagggctacgtacgcagcggcgttaagacagacttagactgatcactatgaaatgatagacaccatgtcgcaatttgctccctcactcatatcgttgtatcataaagttgatcctaatcacaaaccgagtaacgagccagactaatccggaacattcgtaagcgatagtggttggctcctcccggtcgccgaactgatatcatagctaagtatgctggcctcggttaaccgcgaaggcatatacaatggattcgctgtccgcgtagcaatat",0.503517587939698,995
"ERCC-00035","B",117.1875,70571974.1,352859.8705,"gggagaggtatcgtaaaggtgaatcctgtggctgtaggaagcagttcatatgaccaacgggcgccctagggtatactccagaatcgaatgttaccagaaaataggggaactggtcgctcctaggtaaggttgcctgtccccgcactgtacgaaggtccggtcaacggaagcaggcacacgcgctatctgagtccaaatacttgatccggccggaaaattagaggtgacggcttcccactactgatctcactgacgtgcaatcatcctgtgtccggagcaatgacagtgtccagtctgttatggacgagctggacgattcacagataaggacagtcgcccggataccgcaaactaaatcttgcctgcctccgagggtgtgtgaaggataactgtcgcccttaagtaaagatctaccattcgccggggcaacgcggctctctgatgctacgaccaaagtggttgacattacgccagtaatggactaaggttgaatttgagcggatgggctcaactgcgtcgtaaccggtagatacagggcatacgagcctccctatttaacggcatcatcccgcgtagtgctggtcaaccgactgtctattgaagtcaggtttcggctacatcagctggaacgttcccgtagctactataatcaggcaatctgtcccgaagagcccacaccctgacttggccgtaagggagccctaaatcagttaaatacggggaaggagtctcgccctccgggtgatccatcttatttaccaaagaacatgtccacgcctgtgggctctgaagatgggcgacacatgtctaccctggcataacgcccagcttgataagagtgaaacgacccatctgacacaggccggcatagaagaccagcgcaatgcgagggccacacataggagtgtgaaaatctacatcaacatacttcggccgtggctgaacgagggagtgcttgtacaatcccgttgtttggtgtggcagattccgggaaatgagcaaacgcttctcccatgaacacactcacagccataagtcctaccttgctaacatcgccccgaatgcagagccacctactggggttgtctgagaacactccatgggtc",0.524412296564195,1106
"ERCC-00039","C",3.66210938,2205374.194,11026.87097,"gagcatggcctaactgaatgcgcctgcagtatctttcttagtatatcaagatccgtaatataacggtttgcgcgactacggttaccgtctttataagtgaacaaaaccggctaccagcatgtcgtatttcgccacccatataaaccccacttcgtcctcaaggaatccaaaagtcggacggcgtggcttgtcatcttcgtcagaaggttcgaaaccagtaaaaagacgcgatagataggcctaagtgggcctcccctttgccaaaatcacgacgaagtgactagtgcaggcgtcgtatacttactcctcatgttcagcccacgctgcattggtaggctgttagaagccgtgaccgaacagggtatgatgacctcgccatgggcacccttgtattctcgggggcggatgtagaaatcaaagctgtttactaaccatgtactgtcctaagagattggctgtgaccggtcccggacactgcgtcaacgcaggtcgctcacgatcggcgtgcgcattttcgtgaatcatgtatagtggttctcgttagatacacatgtaagctgaatggggccctacccaaccggttgggtctataaggcagatgtgcgacgcacctattggtaggccaatcttatggtttgcctcttgtactgagggtaccgcagaggtccactggttagctcacactatgatctaggagcagttgggcggtaaacggc",0.505586592178771,716
"ERCC-00040","C",0.91552734,551343.5454,2756.717727,"aactacgatcccatgagaacacctgtagatactcaggtctccgcggacctacgccgcggacgatgataaagtccgagaaaccaccggattgccccaacagacggcctagcccatcgaactagggaaatgaactatatcgtaaccaagccgggtagctgcggtggtgctagactagatgttagcgttcagtcgagctgttacgtgtaacgccattgagacccttaccctttaccggtcggcggatacgtccagcttcgtcactgcgttcgagccttctacacgatccaagttaccagcgcagtttaaggtacgtcgcttcgaccagaacgagagttcgcagcaagggggaggagttggattcttagggaatgaggctgaacctaactcctcgctacattcctattgttttcccgatcggcttcatcgggacgccggagaccgcacctttgcccgtttaagctcggacgggatgccacggttctgttccacaacccggtcggagcacaccctctctatgctgcgtctatgccttccgggtggttgaggtgagccatgtggtcttagaatccggttgtattagacagtattgtgcttgacgtcgtggtatcgggtggttgtgaaggatacagatattctatgggcagcgatggggcttcctcagtccgtctacggcccaccagacaaacaactcgggatacaaattgagcacccgcggaccgg",0.544444444444444,720
"ERCC-00041","D",0.22888184,137835.8894,689.179447,"ccgagctcaagatgcgttaattatgtgggtgacgataaatgagtgagcaaaaagacatgtacgtattaggaattgaaacaagctgtgatgagactgctgcagctattgtgaaaagcgggaaagagatcatttcaaacgtagtagcctctcaaattgaaagccataagcgcttcggaggcgttgttccggaaattgcttcaagacatcatgttgaacaaatcactttggttatagaagaggcgtttcgcaaagctggcatgacgtatagtgatattgatgcgattgcagtaacagaaggtccgggactggtgggagcgcttcttatcggagtgaatgccgctaaagcattgagctttgcatataacattccgttagtaggcgttcatcatatagccggtcatatatacgcgaaccgtcttgtagaagacatcgtgttcccggcactggcattggtcgtttcaggaggccatacagaactggtttatatgaaggaacatggatcatttgaagtcattggggaaacccttgatgatgcggcaggagaagcctacgacaaagtggcgcggacgatgggattgccatatccgggtggaccgcaaattgacaagctagctgaaaaagggaatgacaatattccgcttcctcgcgcatggcttgaagaaggctcttacaacttcagctttagcggattgaagtctgcggtgatcaatacgcttcataatgcatcccaaaaagggcaagagattgctccggaagatttgtctgccagtttccaaaatagtgtgatcgatgtcttggtaaccaaaacggcgcgcgcggcaaaggaatatgatgtcaaacaggtccttttagccggaggagtagctgcaaacagaggcctcagagctgcattagaaaaggaatttgcccagcatgaagggattacgcttgtcattcctccattagctttatgcacggataatgctgcgatgattgctgctgctggtacaattgcttttgaaaaaggaattcgcggtgcatatgatatgaatggccagcccggccttgaattgacttcttatcaaagtctcacgagataatagcgtgagactcccgggt",0.462659380692168,1098
"ERCC-00042","B",468.75,282287896.4,1411439.482,"accaactctggcctttgtgttgctattccccaagcacacaatccagtataacatcttccacaaactctacagccaagagcaaccattgcagcagttccaatatagacagcatctgctcctaaagctatagccttaaatacatctgctgaacatctgattcctccacttgctatgatgctaatttcgtttctcaaaccttcctctctcaatctttgatctactgcggcaatagccatttctattgggattccaacatggtctctgaatacctttggtgctgcccctgtccctcctttatatccatctataacaactgcgtcagcatcacttgttgctattccaacagcaatagctggagcattatggacagctgcaattttaacaaacactggctttttccatcttgttgcttctttcaaacttctaactaattgagctaaatcctcaattgagtaaatgtcatggtgaggagctggtgagatagcatcacttccctcaggaatcattcttgttgctgaaatttctgctgtaaccttctctccaggtaagtgccctccaattccaggcttagctccctgccctattttaatctctattgcagaacctttcataagatactcttcattaactccaaatcttccacttgcaacttgggtaattatgtggtctgcataagggtagagagcttttggcaatcctccttcaccagttcccatgaatgttccacattctttaactgccttagcaaatgataggtgagcgtttaaagacaaagctccataagacatatgggcaatcattattggggtatctaactttaagtttggagctatttttgtttttaacttagcttttttaatcttcttgccatcaatctcttcttcaacaaattcaaactctaactgctttggttttttaccaatgtaagttcttaattccattggctctctcaatgggtcgatggatgggtttgtaacttgcatgcatctaaaacaatct",0.401401401401401,999
"ERCC-00043","D",468.75,282287896.4,1411439.482,"aatacctttacaaatgctttaacaagaggaaattgtgtttttgccaatttaagacctaatttaatagttaaaccattaaccttagttgttccaaggcataatatagagagtgagatacaggatgagctatttcagggagttattcagtatgcagttgccaaggcagttgctgatttagatttagatgaagatttaaaggttgttgtctctgttaatgtcccagaggttccaataaccaatttaaataaaagaaaactcttccaatacttctatgcctcagcaaagttagctataaacagagctttaaatgaatatccttcaaaagagaaggtaaagaaagagaaatatagagctttgcatccattagttggatttagggatgttagattggagtatcctccatatctacaaattgctttggatgtcccaactatggagaatttggaatttttgttacaaacaattccaaatagcgaccacatcatcttagaggctggaacaccactaattaaaaagtttggtttagaggttattgaaataatgagagaatattttgatggctttattgttgctgatttaaaaaccttagacactggaagggttgaggtaagattggcatttgaagcaacagctaatgcagtggcaataagtggagtagcaccaaaatcaacaataattaaagctatccacgaatgtcaaaaatgtggtttaatcagctatttggatatgatgaacgtctctgaacctcaaaaattatatgattcattaaaattaaagccagatgttgttatcttgcatagagggattgatgaggagacatttggaattaaaaaggaatggaaatttaaggaaaactgcttattagcaattgctggaggagttggtgtggagaatgttgaagagcttttaaaagaatatcaaatattaatcgttggtagagcaattacaaaatcaaaagacccaggaagagtaattaggattttataaacaagatgggtt",0.335335335335335,999
"ERCC-00044","C",117.1875,70571974.1,352859.8705,"agatagtgactagggtaaatgccaagccgtcttataaaagcggtagcgagagatcttagaactcccggcgaacgccccaacttatgcgatgtccagccccaaacggttgattagatcggtagctcccgaactaagagaccctaaacgctatccgtggactgtgtaggtaggccgtcgtcctaagtggcctcgtgaactaacgcctgctgctatgtcccaatgaagggtacatgccctcttcccgtactacgccgatacaaagtcccgaacgagcttacgaaatatagcgcttaaccatggggccaccataggtgcctggtacagacgtgtcagacgagccctcggctagctcataattgcggccgttcatataaacctcagcgtctggtcatgtctgtaccacaacgctcccggttcttcgacgctcagttcggtacccaagatagcggactctcaaagaacgattcagtagtcgccgtacccatgtaggccttaagaggtctaattagctctaggaaacacaaccccgggatttgggatacgccaccaacacgaatccagccgcatcgcacgcgtcgaagtcctccgtgcttgtgtgagtcgacacataggatcgggcacggagagatcggcggttgaagtatggagcgtaggtctcgatctcgtacaaaacgactatgaccattgggcgttgtactcattatcgttacgattttacggtggcaaacgaagctaccaagtagatgccgacgtcgagtggatccacgcagtccgagacagcgcacactcgctgtagagggtttcaatccgactaagacggcgggatctactacttctgcgagtttagattaactgtatctcccgaatgcgcgttctaaaaccctgacgtgatgggacgggtgaagcaccgggttttcgccggttaggtaaggtaaaaatatgaccttaccctacgttgattgtggtcattacagcaagaggtgggttataacgcaatctatgttcgcatgctatgttatttgacccctgcggtaagattattcactcgtcatggataaccggataatcccgtataacctgtgggtattataggcgacaattcgaaaaagggcgaattcaggcctgaattctg",0.508833922261484,1132
"ERCC-00046","D",3750,2258303171,11291515.855,"atctcctctaactttggagaggtaggaatgggagtatttgcacttgtggtaacggtatttgcattattgatggtttttactatgttgggtatgctgttcgatttcttaaaggactgaatattcggtggcagtatgggatttctaaaaataatgttaagaatttttgctggttttttgcgacgttggtgttgtattctatagctccattatggccgttatatggaatcattggagtgccagtaattctaccacgccttatatttaaagacaaaaagaagtgtctaacaacaacatccacactactactccttgtcatatttcttcctgaattgctgattcttattggatttctgatatttcctattgttatgggctattacatctctaaggaattggtgaagtaaaatggtgaagcttatgaatttgtggagtgagaggattaaagatagggaagttgttgaagttattggctgtgagagagtgccattgatgaaacgt",0.365461847389558,498
"ERCC-00048","D",0.01430512,8614.746096,43.07373048,"tctgtaaatcccgtaaacgagtagtacgaatccggacttgaatacacgcgtcaatcccttttatatcctagaatggaccgtgtggacggcaactcagagataacgcatatctatgtgctcgcttgcccatcaaagaagagacggcgaccaaacggacgacatatagtgacatggtcaacccgtacgcctgcttcgtaagccgacggtcctttgaagaggctggcgaatcatgtcgtttgtgcttactattacatgctagcttggttggggcatctcgggacaacgtctatgtacaataaacacaaagccgcgtagttatcttccgcgagttccgcccaatacattggcggtgacttgagaccgctaaaatgcacatagaagcctcaaacatggtaagactatagataagcggcgcgaaaacacggcatttggaatgatgtgtactgggaataagacgacgtcgctatggcctctccggaaggcggtgtatgtgccaagcgatgtttcattaatgtaacggacaggtcgctgaggtggctttcgttgggggcgccgtctttgggggagattgcgtcaattttgactgtcagatcagcgactagattttaggcagattagtgtgccacctgaatcaatagaacaatatcagttatggcggtgcagtatactatacaatgggttgggcgcatctgcatgtctcatgctgtcatggcaatcgacctctagtctggggtgatccgaggcgcttctcttattaggaatagtgcaggacccgaaaccgccatagggaaagggtgagcgaggtagcagcgtaataattcgcggtgggcaggaaatgcttagtgttctgtctcaagacctaagcgacagcgtgaccttgtttcacttacctctgaagctcttcgacgttatagatattggcatccctaaacaacgagtaccttgtgctacgacagaaaagtgacctg",0.488636363636364,968
"ERCC-00051","B",58.59375,35285987.05,176429.93525,"ttacaatagatgcgtttagagtagctgggggaattttgctctttaaaatagcttgggacatgcttcacgcagaaattccaaaaacaaagcacaaaccagatgaaagattagaccttgaagatattgatagtatagtttatgtcccattggctattcctttaatctctggccctggagctataacaacaaccatgattttgattagcaaaacccagagtatcttagagaaaggggttgttgttctctctat",0.376,250
"ERCC-00053","B",29.296875,17642993.53,88214.96765,"acatctgtataaaaaacactacagggtggtaacatggttctatataaaattagaagatcaaaaaacgatccctgtccatcaataccttcagcggtaattataggatattctgttggattaaaattaattactggacatggagctcagagcttaagcaatatggctggttcttatgctggaaaggaattgggaatttacgcaatgaataatggttatgaatttaaggatattaaagatattgaaagatttcttaaccagttagattttgcaaagatagagatgaatgaggaagaggatgaaattatagtaaagatatcaaaatgcaatctctgcccaaagagaatttgtggctatgaatttgaaggaacagcatgcccttggggaggattgttaattggatttataagtgaaactttaaagtataatttaggctaccaaatgaatttaaagccagctgaaacatgtattattaaattaaagaagaaataaaacttatctaatattaaaaaactccaaaatctcataaggatgctttaatacaataacatcctccaactccatcaattttcttgtattttcagcatctatctttctaaccctcatcttaatctcttttccctcaattattgcattataagggcaaacttttttacaatttccacatcctaagcatttagataataatatctcaacaaaattatccctcttaactatagctccatttggacagacgtttatacattttaaacagagtttgcatttctttttatcaattgcataaggaagttttgttgttacaatcccagctttataatcaactggaactattaaagatttaacaaatcctttccctgcctgagctatagcatttgttactaagctatctgcaatgccattaacaaccttagcaacggtatttccagtagctggtgagcaaattaaataatcatactttcctaagctcaatcttccagtgattgtgatgagtaaggatgttct",0.319319319319319,999
"ERCC-00054","C",14.6484375,8821496.763,44107.483815,"gataaaattggttttgcctttcagcaattcaacttaattcctttattaactgccttagaaaatgttgaacttccactgatttttaaatataggggagcaatgagcggagaagagaggaggaagagagctttagaatgcttaaagatggcagagttggaggagagatttgccaatcacaaaccaaatcagttgagtggagggcaacaacagagagttgctatagcgagggctttggcaaacaacccaccaa",0.408,250
"ERCC-00057","C",0.01430512,8614.746096,43.07373048,"ctagtgcatcctcgtggcatcatgcgtctcctcagtaggtctgcgactgatcctagtgcaatgcgtctgagcctgagctacagcgatatagcctggattgtgagcgtatttgctgtcagaacctcagctcatcatgtatgatgctgtaccatcctgcgatactgaagatgcaccgctataatgcgaggctctccgctaaagtggaagctgctcgttctcaatgcgagcgagtcgaatccaatgccgtagctgcgataacgatgccgctgactctacggtaatgcacgatcctctacattgatagcagatagtctaacgggatagcataagtgcaaggctcctagcatgtagtcacaggtgctcagatatagtcatcgctgcaatcagctagtcatcttgtcaggatgctactcactgcgtgcagaagattcgcacgacttcagaggatggcactcgtcattagagtgatgttctcggatcgacactgctggtctgcgaatgactcgcattcactaacatggagcatcgttatctaaaggggatgcacgttatcgtcgagtggccgtcatgtctatgcagtgcggcctatgtctcattagcgagtcgtatgtatcatgtcgggctcgaatgttgcacacgtctgcgtaatggtgaccgctagtcccacatggtgcttcgtagccacaaatgtcgttaggtagaccgacgttatcgcgctatacccgatgtcaacgcgagttagaccgtatcgtccccagtgccctaagatggtcaagcgtgctcctacgttagtatcagtttccctattggtacgtctggcgtacttctgaaacgtgatgggcggctggttacccgtatatgggctcggttgacctctattgggcgttgttgacccgaattcggtatcctcgtcgttaaatggcgaacgtcgtctgctataggcaaacgtctgtcggtcatggcaaatgttactcgtgtgtgcaagaaattactcgct",0.507522567703109,997
"ERCC-00058","C",1.83105469,1102687.097,5513.435485,"gggagagtagggcccacttgtcgattcgtttgactaaacatggagaaagcatccgagggtgggcagatccgcctaagcaaggtaccatttaatcccggtcccacgaaagagttaacctatacgctcagatggcgccatggtgcgttcggagccactttctgcgaattgtccaccactgccctctcgtgtgatgatcaacatactatcttctgcggagaccaccactcacgtgtgtaggtgagccatgttgaatccatcaggcacccgtcccggcgtatgagcgtctggaggctcaccaacaaaacttacataagaccggaactcgagagtctggcatcatcgtgaacagaggcacgagagtgagctgtgagtcctgactgagcatgtctcgaaaactgtgatagattaagccatggaccaaggaccaagagatcgacgggcttggatattgccgcaaggctgaaggtaacaccttcagcttcaaaatgcttgaatactcagccgtccatcacttcgaccggggttaagctaagatctggtggcggtagcccgtcaaacgaattggcatcggacaagacaaatcaaccaaagaatctacggttgccatgccatggtctgcgtaacgacacccgaggtcctttttatggcgccaggcatcgacgctgtaaaacccttccgttgtcctgagcaggttataacgacatcaagcgacagcgacaaagaaggcgggaaaactgtggactcccggctatgtcaaatacgctgagtcacccaacagaaacgttatccgcttggcaaacgaatacatggaaagtggggccggtcggatcaccaagataagtggtgtcacgaatagccctcgcttgctctaatcatgggatggtacatcgtcattgctattggatgcaagacgaatcctggcaacagccctccggactcagtaggtccatggatttaactacaacaggaagccggtcaactgtggaagactaccagtattcgagctggataaagaggctcggcaccatggtatagatgtaataggaaccatgaaactcccatgtcgcaagcactaacagagctgtaacctccctccattagcggtaatcggg",0.512589928057554,1112
"ERCC-00059","D",14.6484375,8821496.763,44107.483815,"atttgatcgtaactcgggtgaccaatgaccatatacggcgtattaaggtcgtaccctcggtctcaacttgtcgtatgggactttcaagtaccttagctcgtcggacgctttagatgacttatccatagtcctaagtccggcgccggttaagccgctattagcgtgtgtggactctctctaggagcggcttcgcacaaattactgctcaatcctagatacgttgcgctctttggtaaacggctcagatcttagcactcgtgcagttctacgatggcaagtcgtgcctcgttctcgtgtagaatatcagctaatagggtcggctcaacagtgtatccggtggacaagcactgacacgcgatgacgttcgtcaagagtcgcataatctcagaatccgtacagccgcatcgggttcacggctataaaacagcgtcatcagcgtagggtatcgcttcgcgtgtcatgacttgggccacgtctctttctcgcacattaggctagatt",0.502994011976048,501
"ERCC-00060","B",234.375,141143948.2,705719.741,"atcgacaataaacaaagaaatagaacttttaacaccagaaggaaaaatatttttgaagaaaattggttatgttgattactatgaggcaggtagtttaaaattagctgaagaaacagcaaaaagagatgaggacgttattatattaaaaaatcatggagtagtttgtttaggtaaagatttgatagatgcatatataaaagtggaggttttagaagaacaagctaaacttacacttttaaaccttcttgtaaagaaatagtggggatttttaaatttatttaactctttctaattcactaacaatactccaaatttgtgttcttgtgtgaagtggcatgtttgggtcgttgctaatctcatctaagatgtggattgctgttgcacttctaacgattggctcctccccctcttttaaaacagcttctttagccttttcagcagcagctctaatgtttcttggaacggttgtatcgttaattatctcatccaaatcaaagca",0.326653306613226,499
"ERCC-00061","D",0.05722046,34458.97234,172.2948617,"ggagaagcttggcaaacactaccgggcatagataaagacgcggggccaagcatgccgacattgggatacttccatgttacggggcatggaggcgcagctatcccaccctcgtgcgcaagatggacaaccgagcgcggtagtaatcgcgaactgccaggcacttattgtagaggtgaatcgctaactaactcggtgtaagtttccgtcgatgaacaggcatcggagagggctctacgggccacccagtagtgacgtcaggagtgcataaggaagcagattgaccgtggcgcagactcgcgatatgaataagactctagggggtgtacaattgatcgttgcgtacggaatcgtgcgacctcaaaagttaagcgcgagggtcaccttgctccgcgcgagcagcctttgtccaggcctagtccttgcattcgacctatcgcaccgagcgtctcacccagctagtacgaaattaactgatagagatggttaaccccctcagagcgactggtttaagtctaggaccggacaaacggtacgattacgtcttagcatcaagtggtgcctgatctcgtgatagacaacgtgagagtatttggatgtatggctagttacgcagagcatgtggcattattctcatgttttgcggcggagcgactcaatttatccgaaccatgggagatcgtcattcttgtggtgcaaaaaaatcacgggccctgatactggtcgaagttgcgccctatgcttacacggcgcacgccgcggtggagcgatcgagacctctcggatctgaaataaacccgcaacgtgaggtagtgttacgcatacattcgcccacgctaactgatgcgttgtatttctcggagtctttaccatgagaattggcatatggaaatcctgtcataccacgggtcgatacttgttctccgtctgaagcgaacaacgaagcatgttgaccgtctaagatgatttttccgacagagtgacgcatataacacctctggtcttacaatgattcgaagacacgtgagacgcactagaggcttaacctggcagattgtgatctccgatggtaatgaagtcgccgtactatctcttacttgcatgacgcgactacc",0.511690647482014,1112
"ERCC-00062","A",58.59375,35285987.05,176429.93525,"actattggagagaaagatatcagccagacctatttagtagctccacaggcgctaataaaagaggcagtatcattaattggaaagagtgctgttgaggggatgattagaagaagttcaaataaattattcaaataatcataataaagtaatacttatactgaatattcgaaattattattttggaattttacaatataggtgatattatggcattaaaattcaccattgaagagttatcaaatcaaaaaagagatacattaggaagaaatattgacgtaactgtttttagattaataagatttatggatttggaaagatatttaggaagaggggctcatggagttatttacgaatgtggaagagagcttggactggcattaaatccaaaaactattgaagatgtagttaagttttgtgaggaatataaaattggaaaggtggagatagttaataaagagccattgtaaattagggtttatgaatgtatctcttgttctggacttcctgaggttggagagacattatgttggtttgaaggaggctttattgctggatgcttagaaaaaatattaaacaagagagttagagtgaaagaaactcactgtgcaggtttggggcatgatttctgtcagtttgaggtaaaagtcctttaatgatattttttcatctcatttattatatattctaaagcttcaaaaccctcttttctatgtcttgcaaaaacggctattgaagcaatcctctccccaatacttaaaaatccagtgttgtggtaaaataagatatcaataacatcaaacttattttttgcctcctcaataactaacttcaacttttctaagatgtcttcatctatcttcattccttttgatggaactttttctccatcttttaaatcatactccctaacaaatccattgaaagttacaatacatccaaatttccctttgtatttttcaatacattcatccatctttttgaaaactcttcatactcgtt",0.315315315315315,999
"ERCC-00067","B",3.66210938,2205374.194,11026.87097,"gccgtacttacaccctacgttgctgatctcggcgctcgtacatttacacttgtagttgaaggtcgggcgatgaggcgttcgtttggccaacctcgttacattgcacaaatgccggatttggctactatatatactccctgatcaagggtcgagttgtctgtgcattagctcggagctaatgagcacgtcggtcacggacactgcgaagcacgacgaaatggctctcattgcgattgtggcccttgttgcagacaattgtcaggcgggacgggccaggaatgacaatagaacattaatctaatttacaatttgacgccatgacgtattaaacattcgggcatgcaaatcaccgattttaagatcccctgtacggctgcgtccacactagcatgatgtaaatcgatttggcggtgaccgctgatccttaacaaaagggggtggttcaaatgtaaaacaagtaggtgcgagcaaacgtctggtgctctaatggcaaacatctgcaatcagcgaacctcgcggtatggcaactcactaattgtccgtgcgacgacaaattaccgagggaggcacttatgagttatcttcgctgtgatatctccttcgactagcgcggtcagtcc",0.490322580645161,620
"ERCC-00069","D",1.83105469,1102687.097,5513.435485,"gggagaagtaccaatatcagactcccgagacataaggggtgtgcacggcatggatgtgtcgctaacctcctggtcctataaagcaacactcatggcaccgtgtgctgaaggctccaaacgggtcgataccagaagggtcgattctttcttccaatacattgtcggtgtcaatgctggaggcccaggagacgaaatcctcggtcaggttgttacttgaagggttcaacacgagctcaaatttgtccaggggtggtcaccagcgggtctcgaacagaggtgaaacgggataaatacccgaaacattcataaccctgccagtcattataagcaagccgctgacttggacaccacaacgtgtggaacctcaggtaagctggtccgggaatcttggtcgcgaagcgaccccattgagtaggcaatccaaaccctgcaaacaataggtggccatccggtcaaataatgtgggagatgcgcacatcatgagagcgacgtattgaactcaagggacggtggtcccaggagagggattaccacatgttgaagctctttcaaatcgattatcccaatctgcgcactgtaaggtaaccaaccgcaataatccccagaacactgccctggtatctatcgatttggaagtccagactctagtgatgccggctggtcgcgacaagaaaacataattcgcaaagggcccctgtctcatttggcgtcttgtacccaaacaccatacttgggagggtgttgcggccgcatatcaacgactagaggccgtcagaatgagtcttcaacacatatcgctgaagaaatgtcactcccatggtggctgatatagaaacatatcctcgcggacttcatcgccgggcacaaggctacaagatggactggaacgccgtgtcaacctcgtaacaactccccatgcaattcactcaccgagtagcctataatggggaatgtagacggggccctatctcaaatgtgtgcacctctatccccaccaagtatagtcgacttaagggcggatcaaatggcgcgctgccatacaaatccggttccaagcatgactcatgggcagtacgccggttagtgggaaatacggctgtcaaacgctggtcc",0.513027852650494,1113
"ERCC-00071","C",58.59375,35285987.05,176429.93525,"catgcgagaggccttgagccgttggccgatcgcatacagagactattgcatcaaggtaacacttattaatccccatcgtcataatcgctagattctaggtatttcggatcttcctagttatcagaaacatgttaattgggctcgggcgtctgcgccaggccttcgtagtccataccacgatctgtattttgcacctttcgctatgctgaggttgttgacataaggattaactgctgtggtgtgtcatactcggctacctcctggtttggcgtcaaacaacttccaagattatctcatactataaaaagacgacatgcaccgccgtccttaagtgcttacgacagagggtcgttatctctctcggtctcggtgcgcctcttcacggagcagcatgacctgctaacctgcatcagccaatgtcccgtctcgagctggcctacggatgcgtgagcaaaggtgctaactcttttcataacccggagatgaactaccacgcttcctgcgtgggtcccgcgaaaacgaagcaaggagattcttcgcgacctggcccattcactacataacagagttaagacttagatcagcgagcaggtgtacgccccggaccttgggctactt",0.503236245954693,618
"ERCC-00073","B",0.91552734,551343.5454,2756.717727,"tgtgataatttcgacgaggcgttacatattctgagaggggtgattaagtctgcttcggcctgggatggtctgtctacgtgtgcgtagttctgtcatagcgtcgaggattctgaacctgtccatagtatcctgtaagcgtccaatgtacctatatcgtggacccaaagtcgatacgtccgattaagcgacgttggtctaggtaacgaattataccctcgggttacgaattatggctgtgcctaacgaatctgggacgtgcctaagtaatctggtccgcgactaagatgtacggtgatcgtggacgcttgaccggacttatgcgtcgccttccgagttattggatggcgttccgtcctattggatactattccgtgcgtgtgcgacacgttccgagcatatgctaacagttccgtcactatgtaacgcttgacgtagattgctatcaggttacgatgactgctaagccattacgcgacattctgcaaagttacgtcgcattctctcacgttacggctgattctctaggcttacgcgcatgagctctaggttccgggtactatcgaacgtgtcattggtact",0.490500863557858,579
"ERCC-00074","C",15000,9033212685,45166063.425,"tggacattaattagggctgaaagccctaacttaatggacgggaggtatcccaataggaggtttcctcctatggttttcaaaacaatcaccatcatgctattaatgatattaaaatcccaactataccaaagaatatcccaattatccataaaactgtaactaagtgaggctctctcattggtttatacttcaatataagccttggtagggatagatagccacctatatagtatagcttcccatcttctttgagagttgttggtttatgctcatccctactcataaccccagcacttagatattttaaagaggcatctatcacataaggcatcattataactaaaaatgggatatattccttataaactactgctaagacagctaagaaagctccaattggtagagttccaacatctcctggaaaaacctttgctggatatttgttaaatatcaatagccctaaataggatgcagagaatatcaaagcggaaaaaatcc",0.363453815261044,498
"ERCC-00075","B",0.01430512,8614.746096,43.07373048,"tcctacacgttccctcatctgaaaccatacaactaccaactggatttaatggagtgcaaaccgttccaaacaatgggcagtcagttggcagtttctctcctctcaaaatcttatcacatatacaacctttaggaattttctctttaatctctggaatatcctcatgctcatagatgtcaaatttcttatacttctccctcaatccaaaaccaccatttttaacaactgggaaacctctccaaggaacatctatgctttcaaaaacttcatttattattttttgagctaaaacattaccttctggcttaactgctctaatatattcattttcaacctttgcctctccactgatgacttgctttaaaatcattattatagccattaacacatctattggctcaaagccagcaacaaccattggagctttgtatttttcacacaacccataataaggctttaatccggtgattgttgaaacatgtcctgggcatataaatgcatctaaataaactccctcatttaacaagaactccataactggaggagtctgcctgtggcaatttaggataaagaagttattaacatctttattttttaaacttattagttcagccccagtagttggagcagtggtttcaagacctattgccacaaaaacaaacttcttatctctctccttcttagccatctttactgcttcacttatactatagacaattctaacatcacaaccctcagattgcttttccatcaaagatttttcacttcccggcactctatacatatctccaagagtggttattacatatccattgtcagctaaatatatggctgtatctatctctttttgagttgttacacaaactggacaacccggccctggaacaacggttatattctctggcagaacatccctaatcccatacttacagatcgtgtgctcatgacttccacagacgtgcataatctttaatttatcttcttctcagcaagtttgtt",0.371371371371371,999
"ERCC-00076","C",234.375,141143948.2,705719.741,"ctcctcatgtgagcggatcactatctacagctggtaatactctcagaatttctaactaccagtcgtaaagtaggcgagcgttggttggttcctcttgaagcgagagaaccaaggtgctggctattgtccgccccgtctacggctaacgcggggttctgccatcccggtttagcgcagaatagtattagtcggtcagtggaccccctcctgaatatctatacttagcggcggattacccggccctcttcattgtcgaaagattgggaaccgcctctggctgtcacgcccccaggccctaggtgaggtactatgtgaggtattttttcaatgttagatcatctatgtagtggatctgagagatcacgtggaccaaagctgattgattacgggactggccgtaagtgctgcccgcgagtagatcgtctagatccggctaaaattccctgcggtgccttagccaccactcctacgacgggccgcatcttggttattctcgctagacacggttcgggaagtggagcatcgttagctgccaagatgtgtatgttgtcgccactctcgcaccgtttttatagtcgttctattagagatggttgcacatgggcgtttctcatcggt",0.516181229773463,618
"ERCC-00077","D",3.66210938,2205374.194,11026.87097,"agttttttcaccttatgacttctcactccatacgaaagacagatggtttgctcccaatgaacccagagggagttaaggttgatgattcccaagtccaacatggagttatgcctataacgtcatgttggacagacccctgtattgagcagacttaacttatactgatatacagctaaaatttgaacaacaaatctcttaaatttattgttgagaataaaaaggatactatcttatccaatattgtatttc",0.357429718875502,249
"ERCC-00078","D",29.296875,17642993.53,88214.96765,"ggggaattggatttgcagagcatattagcaagttaacgccgatcactctccggcagttgctccattaaatacgggccttcgcaatcgcgtgttgttacacataatgccggtatccatctactatcgccgccaggtgcaagaaatgcatatcccggcctacccccttagcaatcgacatttgtctttgctggacgcgcatgattgagttatacggaacttcgcaaaagtattccctttgtggtccgtgcgccatgctcctctgggcgtagcttacaaggactaggccgtagcctgtaattagggaaccgagcaccagagaatcagggtcacagtgtgtggtagacgaaatgatcgtgggctgagggaattaggaggcgccggtccaatagtcgataacacctgacggaagtacggctgcaggatctaatcatatagttcagaattgcacgcgcgtctaagaacggaccagtgtagacacaatacaacttaagcgcagatctgagagaggggtgcacaatccaggcaaagtccgttagaaggtcaaccttgtgggtgcagcgctttgctcctaaagattcgctcctcgggagcgacgcgactgctagggactggtaaaacgttgggcgctgtccaaggtaccctcagtctgtatttcatgccctcaaatatgcaatcccgacccggagccggctttagatttatagcagagggtctccgaggactgtaatgtcttttgcgagacaggaaaggttgggcggtgtacgtcacctctacggtcgaggcttgggtgtatcatggagtaatctatattccttacacgcttgcttgctcctaccatacaaccacgcagtcattacgcgtacatataccagcaattcttctacggaccgttaggaagaaaatgaacggagtggctggcccataatttcgcacccgaagctactggtcggacccatcagcgcgtgtcgt",0.512899896800826,969
"ERCC-00079","D",58.59375,35285987.05,176429.93525,"gatgttggagttaacggagacccgccatcgtttacgaaacaggtcgcagataaatgtggagcagatttacgttgagggccttctggggacccaaaggatgaacggggtgttgtttcagagcgaatagagcgatcaccaacgcgcacgtctctttttaagattgagcggctaggtgtttcctacagtaactcaattagcgtgagccaaagggcggagccacgggccagtaagctatttagggtttacatggctcgataccgaaacgtgaccggtacgacgttcatttcctctgctttggagttatcaattcgtgaccccgatcatccagtccagaagtcgcggcccgaagatcaaagacgctactgacttggactggtacgagagcccgagagtttagtgtgcgcaccccacgtattttttcgcgtcgatcatgcttagattttaacaacccgcgggccgaagtttgataagcgtgttctagattggaacttaccactgttaaatacacgacgcccatctccaaatcgcacgcaacagggggcttccaccagatactccccaggacaggtggagataccaaccacgaaggaggtctcgtgctgagccttcgtcgatatacc",0.512903225806452,620
"ERCC-00081","D",0.22888184,137835.8894,689.179447,"tttatgcggggtgttgttgataagacttcctaggcacgcggaccaagcacgttaaagggaggttcgctcgatcaagagatccatacagcaggctcctatcagtctatctgacgccagttgccattggacgggatgtcgagggtttgcggtggggaacgaccatacttactgtcattacgacgtgcggggaaattgaggttaagttgtttgccaccctacaataacgaagaatttagccaccagttggcgttagagttgtcaagacgttggcgtgatgggatgaacgtcgcttaaacgttggttcagggctccatatatacatctgccgtgccccccttaatctccatacagaccccccaggcggaatgataagtcgataccaggacaatgacggcttcaacgttttcactttccgcaggtggcgaccctctagttgcacgctggtacatcagacacgtacacacgcgcagtggggtgtaatcaagcaggaccataactgatagttcacca",0.509803921568627,510
"ERCC-00083","A",0.02861023,17229.48617,86.14743085,"gagtttatagtctttttttgattgcctcaactaatgcctcctttgtaggagctccaataaactcaacatccccatttattacaattgttggaactgccattatcccatattccattgccttttgaggattctccataacgtttatgtattctacttcaacagcatccggcatttcatttgctacctcttcaacaactcttttagctgcaggacagtgaggacacattggtgatgtaaaaagctctatctttacctttgacatactaacaccttaaaaacctcttaagtttataataaaaattttatccaaatttttataaatagttttccaaaaatagaatattaaattataggctaaaaattaatgaccacatgtccaaacttgtctgaagtgttcaattgcttcaacaatatccttcaatttctctggtgggaaagctacaacaacttcttctggcttaattccagcgtattttcttgaaccgttacaacctaaagtcatgttaggagcttttcttgtataaactgccgctacagcatcagcacacaatgactgaattcctgagaaatctgcctggaatcttccacctttatggtagagtattgcttgaactaacctcaacgcatataatggctctccaataaatacaattgagtctggaatgaagtcggtttcatctaatggagcatagactgttgcataaatttcctcttcaacttttggtattgcatcaactgtttttttagctgcctcttcatctttaaagtttcctaatttgacatataattttcctgttgctaatggttctggtgggtttctaaagacccccattgcataagctcctcccttacagaggtgtttatcaactgttgcatataatttttttctttctaatcttgccatttaaatcatttcacagtgtcttttttcttcgtctaatgtttcatagccttctggaatttcttcctttgattttgccattttacagcgacaaatg",0.352705410821643,998
"ERCC-00084","C",29.296875,17642993.53,88214.96765,"gcgaattgtctggggcctcgttgtgactatcctattacggggatctcaggtgtggtatccctggttgagacattggactagtgtaattgacagtcatcgtatgcgggatacctcaagttgtattcgagggcttatcggtgatactgtgtaatcccttcggcgaaagatgtatgcgtgagcattaaatttacgtgtttcctatatcggacgcctaatctttacccgagaaagatatctctgtaagttttcaagcaaccgcgtcctaatgtatataacttggatcatcagataggcccattacactcttcggtgctgccgatatccgacgagcgggcttttcgacttgatcagcgctgtgggtagagcttggataagcgaggtcagtcaagcgattcgttgcctccgggtcccacgtagatcgtttgcctgcattttataggtagtggcctgcgttcgcactccgaggcactgggaacgatcctaccaacataacggtcgaactcggtgtcggatgacccggacgggacgcccgcgctcacacaggtatctggcgtgtacacccgaatcggcggggctcggcgacacaaaatgcttctaactcgctgtgaatctactgcagaactatgggtttgctagcgcgccggtatctaccagcaaaacataggagcgtggccgaaactgggtcactgagtggaatatatccgagtgcagctgccattagtggggcggtatcgggcgtgattgaaggtaggctaacattagtcatctggtagggcatattttacaaacggtctaggctgcggttcagatagggactgatatacttgatgtgcccccgttcttcagcgtgcagctatgcagcgacagacgtttggagccttaatcaagtacgcatcggagcatacggtcactggggcatttgcagtgaaattaaccatccccgttcccgcttctcagttgcagggtgggg",0.515463917525773,970
"ERCC-00085","A",7.32421875,4410748.381,22053.741905,"gattcagcctgacgtacatagacgagatagggtaagcctattgcaaacctccgctttgctactacaaggacctcggaagtgtggagaatcgaacctacaattttgccaggatcacgccggttatctcttgcaattcctaagatggaggatagttttggaacccaatatccccagcctacggtttaggtgcaagaatagagcgtaccaggcgtcgcccgcggccttatgtagtctgtattgttgaattagccttcttcagagggcctaacgccagcacaacatgcttacctggctaattgactaagtgctacggtacacaacgactacgtacgtagcacacagttgaggttatctctgagcgccccgttagaactgagggctcaattatagtaccttaactgcgttgcgctgtcatgggaaggtattttaatacggattcattaccgctccaccggcagcgttccgttacatccaactaggtggacaaacctgctcattcaagggcgcctccatcgcagggttgcaatttattttctagctagaggtgtaaccatgccggcagcgaacgtccgcactagcaggtacacaatcaggcatcgaacatgtactcattagttccgaattataagtcggatacttgccttaagtcgcatctgaatcatagccgctccattgccgagtagacgggatctgctgtagaatggtaatcagtcttacccgtggggtcgttctgcccgagtgctgcattccgcctacgcgcggtattcaacaagggtaatccctccgacaaccctcagtgttatcatccgcgtcaaggggg",0.5,820
"ERCC-00086","D",0.11444092,68917.94468,344.5897234,"tttctcttgactttttccataacttccctaattgttctataattctctttcaaagagtccttatcataaccaaatacataaactctaactctatttccttttgattctattgtgcaatcaatgtccatccttgataatctctcacaaagctccaaaagctcttcatcacaactcacttttgatgaaataatctttctcatagtatcgccaaaataataaagtaaatttacaaattaccatagcttatataataaagttttgcatgaacaaaaatgttgtggtgatatatcatggacgaatttgaaatgataaagagaaacacatctgaaattatcagcgaggaagagttaagagaggttttaaaaaaagatgaaaaatctgcttacataggttttgaaccaagtggtaaaatacatttagggcattatctccaaataaaaaagatgattgatttacaaaatgctggatttgatataattatattgttggctgatttacacgcctatttaaaccagaaaggagagttggatgagattagaaaaataggagattataacaaaaaagtttttgaagcaatggggttaaaggcaaaatatgtttatggaagtgaattccagcttgataaggattatacactgaatgtctatagattggctttaaaaactaccttaaaaagagcaagaaggagtatggaacttatagcaagagaggatgaaaatccaaaggttgctgaagttatctatccaataatgcaggttaatgatattcattatttaggcgttgatgttgcagttggagggatggagcagagaaaaatacacatgttagcaagggagcttttaccaaaaaaggttgtttgtattcacaaccctgtcttaacgggtttggatggagaaggaaagatgagttcttcaaaagggaattttatagctgttgatgactctccagaagagattagggctaagataaagaaagcatacgcccagctggagttgt",0.329317269076305,996
"ERCC-00092","A",234.375,141143948.2,705719.741,"agatgtatatatgatgtccttggacggggtggcgcagtattactgcaagagagcggacagattagtgtgttggagccgacacatcaaaggttcgtccggggaccgatctgcagcctacgggacatttatccgtaaaagcatggcgctgtttcgtacttatcggaggccaggtatcgtcgcggcgagtctccccgacgacggagatgggcgttactatctgggccgtctcgtactctgttacttggcacagatgcgagccctcgtaatgtgcatcagctaagggcgatattataatgcgacgtttgtacggattcgttactaacgtgttggacgctagtggaatatgtgtcgttggttagcctacccatggctttcgcggcgacacatgcttagactctttcaaaacttcggtgaagttcactcaagccgcggagcgccgtcgtaattcactagggatggcggtacccgtgcccgtccgattcgtagcaacctgcatcacgattttgtcttcgggcgacttatcagatacggtaatgtaaatacctggcatttgggcacttcttgcgtttaagcgggaaagatcgcgagggcccgctatttgcgatacttcccatgtcggtgccgtcgcctctatgtactcggagacgttaatgcagaggctaaggacaatttaccatgactcggtaatccgttcgtcaagcaggtagctcgagtctccccacggacacgtagtgggtttgtaacgatcgataccgagtctttttgtctagtagaaccaaccaaccattaaggagttcactagcacatctttgcgacccgatcgtccgtgtgtcgcgtaatacttttgttatgacgagacatacgctcaagccctgggtagctagtcgcggaggcacgttaccgcgcacaacccctattcgtttacatgtacatcgcatctgaggtagtacacttccggcgtacgtgagtatttgcgcgtaataagcgcgtgtttagctgatcccctctcgtatcgaggttaaggcagattagtgcccagtaattgcgtttttttgtcgttgtcgcagaacgcgatttgctccgaaagctttaagccgtgg",0.512727272727273,1100
"ERCC-00095","A",117.1875,70571974.1,352859.8705,"ttgatgatgatacttaaccaaacctaccactaatgtagtcatctgtctccttcttctgtggatttaggaatatctgctctgtctctccaaactcaattaatttccccattaagaaaaaggcagtgtaatcagaaaccctacttgcctgctgcatgttgtgggtaacaacaacaatcgtataatctttagctaactcaaccattaactcctctatctttaatgtggagatagggtctaaggcagatgttggttcatccgtcaataaaacctctggcttaaccgctatcgctctcgctatacataacctctgctgttgtcctccagagagagatagagcgtttttatgcagttcatctttaacctcatcccacaaagccgctttctttaaagcccactcaacaatcttatccaattcttttttatccttaattccatgaattcttgggccaaatgcaacattatcatagatgctcatagcaaaaggatttggttttgaa",0.390342052313883,497
"ERCC-00096","B",15000,9033212685,45166063.425,"agataaaacgaatagctcgtaaccaaacatgcacagcggtcaaacagtatgtcccaaggggacttaagcgcggtggcctcccctatcccctacgaggctacccggatcgatgacgcgaattggggacattcaaatgagcatcctagtcaccgcgtttaaaatgaacctgccggctgatcgtttttaggatattgtgagtaatatagattggcgctagtagatcacagaacaaccgccgcatacggccgattgtcgcagcccgggtcgattataacaacggtgcaatctcagctaaaccgacgcagttttgctccttggattctgagcccgggcatcgcccctcgtttatgaactagcctatcgcagacggtatcaacaggaacatcctcgtgttagatattgaggctgcttcgtgtcggcacgaagtgtcttccgatgcagtgtccagtcatgacctcgatccatcgcgtatagggacgccccctgctcgcgttactgccaagcgagcgtggtgtggtgcccccgacctacaacttgcgccaattatcgagctggtagacgaccagcgctgacgagctggcgcaatgacgacctaattggcgcacagtactaggcatcgtcatccaatgcgacgagtcctacactatcttggatatgatatggcgcactacacatgctagccgctggggagattagctcgagttgcccctttgcccgatcccggaagatacgctctaagctcggcaatcgctcttgccgtgcgagatgctagcaaaaaggtgtacttctcagcggagcagaaagatcatgtttattggaagcatcaacctgcgccgtcttgttaacttgtcatatcgcgcacgtagtagcctagagcgccaggggcggaaattcgcctgaaaagttttgccggcgcacaagcacgatcggctcctaataggaggtgaattagatagggaaaagatcgggatgctactagtttactgcgtcacgctgagggactcatcctgggctacaatcctattgccgagatagtatttcttagcttcctgagggaggtcaatttgaatgtggttatatgcg",0.520775623268698,1083
"ERCC-00097","A",0.45776367,275671.7727,1378.3588635,"ccttcataataccaccaaaataccaattcgaaagttttagcatattcaaacaatataaaatcttcagattggacattaattgggactgaaagtcccaacttaatggacgtgtggtatccacaccataaaggggctacgcccctcttgggatactcccctaatattgctaatttacacctccgagcataagcgaggaggtgttaggttttgatgaaccttttactaaaaggttcataccaataggaggtttccccctatggtagttaaatgtacattggatattcctttctactctttgacatcatctttaaatgttgctctgccagttctttaagtttgttttcaatagcttcagcctctttgatgagattttcaatatttacatttagattgaacattttattcaaaacctctaatagattagccccccctcttgggtctggtctaattccaacagtttcagccaacaaaccaatagcatcaaacccatgtcatggca",0.37875751503006,499
"ERCC-00098","C",0.05722046,34458.97234,172.2948617,"ggaggtcgcaattacatcggttcctgtcccgtagaggctggaaggggcataagaagcagtgataccaacgctctcccccgcgcgtctcgtgagagcagaccatgaacatcgcagaggagaatcctgcatgactgaatgcgcagagcaactgtcaccacgtggttaatgagaaggcagaactcaacagacagctctggatctgctgcatcccagggcaagaatcaggaaagcagatgcagtaaccataggcacgtgaaaatgctcccggccacactttggagctattaccatggtcgggcccaaacataagtggacagctagaacgatttctcaagcctggcaacgtgggttagaactccaacccctcgcacgtagtatggcgctggagtaaagagcgctctgttagcaagcgaccagtctcccgaaagtacaggatgtgcatgttctaaccaaagggtcgcagggacgatgattgctagtagcttgacaaggctatcctagtcatcctgaatccggcctatcaaaggaatgcgtggcaggtcaagtgacgagagtggaagagcttcccgttgacaagcggcaagtagactgtgcctacccgggctttccagacctaagatatctgcattcagcagagtgttgtgttcggggcagcagtgtgccttcattcgtcaactggagcctaaggccccaaactcgatcattgatgactactcgacaaaagagggtggtatacagaaagaggcttgtgtcgccggaaacgcttatccgcacagtaaaacctccccagatgaccttctccctcataatcacttaatctgagcgcaggaggcaggctgtattaattccggcctccaaccggaccgtggaacgacgcgaccaagtggtcgacgggacatgcccagtatttggccgttctgccgattctcagctagcaaaccaagatcgtactacgtacgcgcctggatagatcgacggctgtttaataagagtcactccaggcctgtgctaggatcagggcgaccatgccaaatatcaactcaaggacaagttgacgcctgccttctggggtatggatcaaaagcccacgttaccatgtaagaccgtgtggattttcga",0.525469168900804,1119
"ERCC-00099","C",14.6484375,8821496.763,44107.483815,"ggggatgcaaatgaaagaggagacattttatcttgtccgtgaagatgtattgcccgatgcaatgagaaaaacattagaagtcaaaaagctgcttgatcgaaaaaaagcagattcagtagcagatgccgttcaaaaggtcgatttaagtagaagtgcgttttataaatacagggatgctgtttttccattctacaccatggtaaaagaacaaattatcacacttttctttcatttggaggataggtcaggtgcgttatctcagcttcttcaggcggtagctgattctggaagcaacgttctttccattcaccagaccattccgcttcaaggcagagcaaatgtgacactgtctatcagtacgtcggcatggaagaagacattcatacattaatgaataagctcaggaagtttgattttgtagaaaaggttgaaatattaggttcaggtgcataagggagagaaaatcgtcatgaaagtcggttatttaggtccagcagctacatttacacatctagcagtcagttcttgttttcaaaacggcgccgaacatgttgcttaccgcaccattccggagtgtatagatgcagccgttgcaggcgaagttgatttcgcttttgttcctttggaaaatgctttagaaggatctgttaatctaacaatagactatttaatacatgaacagcctttgccaatcgtgggtgaaatgacgttgccgattcaccagcacttgctcgtccatccctcaagagagaatgcatggaaagagctcgacaaaatttactcacattcacacgcgattgcgcaatgccataaatttcttcatcgacactttccttccgttccatatgaatacgccaattctaccggggcggcagcaaagtttgtcagtgaccatcccgagctgaatatcggggtcattgccaatgatatggcagcttctacatacgaattaaaaatcgtgaaacgggatatacaggattatagggacaatcatacaagatttgttatcctgtctcccgatgaaaacatatcttttgaagtgaattcaaaattgagctctaggcccaaaacgaccttaatggtcatgctgccgcaggatgatcagtccggggcgctgcatagagtgctgtctgcattttcttggagaaatttaaacctgtcaaaaattgagtcacgtccgactaaaaccggattaggccattatttctttattattgatattgagaaagcgtttgatgatgtattgattccaggggccatgcaggagctcgaagcactcggctgcaaagtgaggcttctgggtgcatacagtcttaccaattataa",0.420814479638009,1326
"ERCC-00104","B",0.22888184,137835.8894,689.179447,"tgcaatctcttcaacagcctctgctaagtattctgcagctgctctgctaactctctcagcaccagcctttttcaatattctctcaaatggtgcaactggaagctcagccataataccacctcacaatagatttccaataaatactgttataaaatcctttatttaaacttttcggtcattttcattttttgtgaaagtctttggaaaattttcccacacataaagaaggtattaaaaagtgtgacactaaaattataaaaaacactatttataatgtatgtcacaaatttaaaatataattttatgaaagatagataaacataaattggtagagtttaattgtgatatttatgataattactatagcttcgggtaaaggaggggttggaaaaactacaacatcagcatctttagcagtagcacttgctaaattgggaaaaaaggttttagctattgatggagacatatcaatggctaatttagggattctattcaatatggaaaagaaaaaaccctctttacatgaagttttgagtgaagaggcagatgttagggatgcaatttacaaacataaaactggagtttatgtattgccaacgagtttgtctttagaaggttataagaaatcagatattgatttacttccagatgtggttaatgaggtagctgatgattttgattatgtaattatagatgctccagctgggttaaatagagaaatggctactcatttagctattgctgataaacttttacttgttgtcaccccagagatgttctcaattattgacgctgttagattaaaagaaagtgctgaaatggctggaacacctttaatgggtgttgtgttaaatagggttggtagagattttggtgaaatgggtagagatgagattgaaatgttaataaaaggtaaagttttagttgaagtccctgaagatgaaaatgttaggtcagcagctttaaaaaagatgagtgttattgaatatagaaagaattctccagcttctcaagcttatatgaagttagcttcaataatagcaggagttcctatttacattgaagatgaaattaaaataataaggaaagaaagctttatagataaaattaagagattatttaggatgtattaattatcttgatttaaaaattttaattatcatccttttccaaataaaccgtatatgttgggaacgccctctcaatgaacctttcagtaaaagcttcaccaaaaatggatgcatcatctcgctttgctcgatgatgcctcttagttatctttctccaaataaacagtatatgttgggaatgccatctctatcccttctttttcaaattcctcttttatcttcaaatttatttcatcaacggcatttaaatagtaatcaaatcccatgtttctaacaaagtattctaccctcaaatttaaactccaatctccatattccctaaaatgcactctatatggagggagagtagctggatgattttcaacaatctcttttattatctccttagccctcttaattttctctaccggtgtgttataagttaaaccgatagtcattaaaacccttcttctatctctaactgttaagttttcaatggctgaatccaacaattctgagtttgggatagttattaaagtgtaatcaaaagttctaattcgtgtgcttcttattccaatctcctctacaatcccttcagcccctttaactttaacccaatggcctaaactaaagggtttgtcaatcaatattaaaatcccagcaatgaagttttttatggtgtcttgcatagccaaagctaaagctaaaccccctactcctaaaccagccaataaagcagtgatatcataaccaacagagcttaaagccgttaatataccaagaagtattgttaatatctttacaacttttttcaatggctttattatgtgttcgtccaactctgtttctgtcttttcggtcaatggaattaggtagtgttcaaatatcc",0.33033033033033,1998
"ERCC-00108","A",937.5,564575792.8,2822878.964,"ctctgtgtcatgatcgtgagttgtcgcagtgtctgtaccaatactctggtggagctatataagccgctgttgcgtaaatcaacggcatgatccctatgaccgcgtcatgctaactgatacacgctgctcgaacagtgatacgcacactgataactatgcgcagacgcttgaaacgatgtgacatcgcttctagagtatgagccgcaatgcacgactgatactcgatatgagcagcagtcggctatgatttgcaatgcttgcagtatgtatcctgatcgtgcgtgcgatgtctgataatacgctcgcatgatatgtattgcgctcagatgctggagatatgccatgcgtgctgtcagtatgccatgtatgctgatatgtcgcgatctatgtggtgactatgagatccatgtgatgacgttgcagtctctgtgaccttatcgacgcgcatgtgagcctatagacagcgatgtgagcactctcatctgcggatcagtctatcctcgctgatgctcagtgatacacgctgatgcacgtagtgagcatcctgtgctcgcatataccgctgctgcactgatatgagccagtgctgctgctctctacggagtgtgctcggctataacagcgagtgctacgcctaaactggctgtctagcactgtagctggtgcatgtactcgactgccgctgcatctactataagactctgacattagcgtataggctgatacattagctcggatgctatcagcttgcgcctattatatgcctgacgcgggatctatcagaacgactcggtagctcatatactggatcacggtgccacaacatgctacacgaggtctcagactctatcccgtggactcaacgtgcatctgctatgctgagcgcgtatctgtgtacctgtccgatgctctgatctacactgccgtgatcgttatatgacgagactgtgcgctcatagccgacactgtgctcgataagaccacgctgtgcggatata",0.502004008016032,998
"ERCC-00109","B",0.91552734,551343.5454,2756.717727,"tagcggagtgtcaaatttcggaagggggccataatgtttctttacaatcgcaccagttagcgtggcgtataccatgttgttaacagcgccataagtgcctgatccgcgggcaaaactacgcaacactgtgactgggtgctaggtcgacgaacaactgacgcaactagatcatgggagtgccccaagtaaaaattgtgtgtcagggcaacaagtgacgatagcgcgcgtaaatggtatcatgattgtgacctcggtatctcttgtacagtttacgtcgacgcgaagtctgatcacgtttaactagctcaggggtattaaataaccgaaaggttcatgtggatgtgtgaacttgcagacagaatgacccatagtcctttacccaggtagctgagggcgacgcacttgaccatccgaatcaaactgagagatcgaaatagcctcacccttgaacctacaaagctcactttagcccgttaagttgtcgaaatcactagatcagaagtctcccactc",0.4765625,512
"ERCC-00111","C",468.75,282287896.4,1411439.482,"gccctaagttccggtccgcaatttcgtttcgttgggacgcttgaagcgcaagtagaaaacgagatagggtgtcccatctaaaccgccgtgccaatagctttaaaggccaggaaacatttaatatccctaacaagcacggtccaccaacggcattacgactttacgagttcgcagaacaaagactttgcaactgcaggggagcccttcgatgcatccgaatgagggcgagcgtcgcagattaacttcgagcagttaaccaggcaaggatatttccggcatcaagcgtttctccctactaatatccttccttatgtcccgcattaaacagcactcagcatctcaaacaatcacaaaacaacccacctcatcgttgaccagatgataacgtgggacattatctttgggcaataccaccaaaatcgttctttatggggtatcgctcttaagcagcgcacttctgcataactatgccatacagttaggtgctaccatgaacatcccgagctgcgttgcatgtatcgggtatgcccaagaccatacctccaatgctgcaggggttaaattctccgttctcgtctaatctaagagaattgtatagcttgcaggctaacatcctgggtccaaccccacattgtaacttcgctgattcccaccactaatttctagggttagtgaaggttcgatacatcgcgcattgggggtctcggtcaagaggagcgcgtaagtaaagacgcctatcttccagtttgatcgggaaactacccgagggggatggtgctcaattgggcctcgtctgaacacaagagagatcgcacgcggaaaccgttaacgcaagaatatacagcatatggcatgtaagcgaaataacatcctcccactgggtgcacagcgaattagtatcatagtagaattaagcgagatccatgacgtcaccgctactcaatcatcatccacgtctcgcgtcataccc",0.482474226804124,970
"ERCC-00112","D",117.1875,70571974.1,352859.8705,"agatgcctggataggttcaagttacgtttacaccgttcccaccccactaaccacgacctttctcgcctttgttttaccaacgccggctaacaggtcgggcccaactaatattgttaaggcaggcgttctgtacttactcgatcgttcatagccccacgacatagtttttagtcattacgtagccgttatagaaactcacctgttgtagaaggttacaaccagatcgtcttacttatggcatgctggcgtagacaggtgccaatttgcggccagtactcggatgttcgtggactgatctggtcctctgttcccctggtgaaaacgtcgcttcactccggtaagggcgaatgtaatgaccgtattctaaggtacggatctacactatgtgcgggcgaatagactcgggcccgtagcggggagcaaatacttgatcgcaatctctgacgtcaactgatgtcgcggagactgctgcgcacccaataggtaccactaacgtccgtgtgattttaaccggtaggaataaacaccgtcttatacagctacgtttttcgatttactaccgagccgtttgcgagaacatatggattgggaaataggctcgagtccacatacagcctacggtaagttgctaggctcgcaattctatccgggtttgtgagtcttagttgtgctccggcttttgaatgagcatactcatgaaagcgctgctactatgataagagtacacgtacaggtctcgcccgattggattatggcgagctgccgcattgacggacatacctttgaacgtaatcgcgcacgagtgcggattaagattctccgcttcaatcatgcaatgtggtacagctgactatcattgacaccaagccgcttgcaggtatcgcctgtcggataagttaagagtgagacgaagagtattcatcgagcgccaggtaagatagtgccactctaagcatcggtatctagctttagtaaccttctcgatggggaatacacctctgcttaacggtcttaataattgacgcgtcttggacgtagtactctgcagtgcctaaactcatagtaaacgatctggtaggtccttttacacacggtttttatcgcttagtgct",0.481115107913669,1112
"ERCC-00113","C",3750,2258303171,11291515.855,"acaccggcgcacgccacaggcgtcatacttcccaagaagcggccatagcccagatgcgaggtggaaaagtcacactagagcgacaccaacatcgttacgcttacacaccggacgcttggatcagtgggaagtgctcacgcgcggagcccactgggcgaacagcaacgttataacggccactcagtggttcgtcacgcgcagccccgggttcgtcccctataagggcctagtacctttcgagccccgcgcgtactaggcagataagaaccctccagctcggggcctcaaaccgatattccatgtgggccaactgccatgttgtgtccagtcgctatcggagtagccgcgctggtgccacacgactacaaccctcgtaatagggctgcgtgcgtcctaaatacactcgctgttgagatactaaaattatctgtggattgccggcattgagcccacggtaaaccccaaatacataagtgtataatgtctcggacccgtcgcaacggttgttaatatgacaggccgctaaagacgttctactccgccatatgagataatatccttatcttgagacgcatagcaaatgtaggagagagaggttaataaggcctagcctaaaggttcttgcagagcaacatcatataccctgtagaacccgacttttgggtttaggggcctgccgtcagctacaattcatgcttgaaggtttcactagatcgtgttatggacgatgactatagtgtaacaggtgcagagcttaactttggacacatgacactcagttctgtaccaactaggaagagcgccggggtagaagaa",0.519607843137255,816
"ERCC-00116","A",468.75,282287896.4,1411439.482,"aagcgttcacagctcggcaatacctgtgacgagctgctcgcaagatttacgcagtgtggctatacttgacagtgatggcgcttacttcagatgtatgggtgatacttcgctatatgggtggtcacttctctatggcgcgtgacaatgtactatggagcggtcaatgtcagtacggatcgcgtcgatctaggtgactacgcacgcctctggagtaaatcgagtgctccgtgcgaaatacgcggtcatcgtgcgaataaccgagtcatcgtgagtagtatgaacgtgtcgtgttatgcagcggtatgtcgtgctataatggcgtctgtcgtgctcataaggttcctctgatgtgctagacgtgtccatcgagctgcatagctatacttcgagtcacttgggatacttcgatagcgttgtgaatagtgtcgtaggctcccgggcacgttgttaaactgttgccgccaattcaagattagtccagctcgtactatcgaatacaccatcgtcgtatcgaataatcgcacctcgtaggagtcggttgccactcgttgatagtcaaccaggctcgttagatagtagcccagatcctacgagatgagctacgtaactacagtgatagcatatagggtacgctagaatgccaggtcgtagtcgaattagtcaggttggatgtctactagttgacttggagtatgccatgaagactcgtccctcgatatcaatactcgtccgcaggtgaacactgtagtcggtgctagtgcccacttctcggtatgtgtcctcaattatcgagtaggattctaatcaatcgtcgcggctcactaattgtctgcggtggctactaatggttacggtgcctgactaatcgtgtaggtgtctaatacatcgtgatacgggcgatataatgctcgatacggcaaatatagctccgtccggtggatccagatcgcagggtatcgcatcgacagacctggtatcgtcgtgacgaacgtgctactcgcttatcgggcctgctacatcagtggcgatgttcgtaacccttagccgatcttcttacttacgaggctactattcgatcaaactcgcctatctggtaataactgcggtgatctggtagccactacgtgcgcctggtagcaaatacggcgagctggtatcactatcggctcagtggtccgacatagtgcccagtggttcgcataactgccgctgggtccaatataacacgcagtcgtcaatcatacgagccgatggtcggcaatagcgcctgtggtgacactatgccacctctggtctaatatagcgccctgtggtcgtataatcgagcgcgtaatcgtatatccgactgtaggtgcgtaactcgcgactaggtggctctaatctgcgttggttgtcgctcacagtgtctggtgttcgatacccggatcgggttccgtaatcttggcatcgaggtttcgtacatgtcacgcggtctcgttcattctcggtggtgctcagtacatccagtggtgagtcgctacatcacacggtgatccggctaaacctctgggcatccgtattaagcgacattcctacgacttatcagcacgtcctacggtataacaaggcgtgctacggtctaacgacgctggtagcagtctatcagatcgctagtacgagttagagatgcttagtacgccttcgaatctatgatgctcgtgctcacgcgatgcactcggattatggcacatgcactcgcgtaatgacgctgcatcgctcagtatgatccatgagcgccgtgaatgacgcatgagcctcgtatcgagtgcatgagctgtctttcacatgatacatcgctctaaatcatcatgcgacagtctcgacagcagctcagcatctatgcatcatgtgcctcactaggacatcatgctcgactctgagacactgatcgagcattaagactctagagcggccgccgactagtgagc",0.506863243518048,1967
"ERCC-00117","B",0.05722046,34458.97234,172.2948617,"agatactatcaggcgcctatgggcaaatctggcctccaaactccgagtgtcaccgaaccgtaggaaattccttccccaagcgtgtgcaatactcgtagcacaccgggataaataggaaggaaacatccgcgggtcttacggtgaagctgtgggaccgcttctgtacacggcgtccaatcaaggggcttggcatttggcccagatcgaaagtgttgaaccacaaacgactctatcggtgacgcctccaagcgcgaaactccaggcaatggggaaccgcagaaagatgttccgctagaccgcattaataccacatctgggcttagaagcccctcggtgctccagggaggacggatcggaattaaacgtgatatggaactttaactgatcaggccttgcccttactaatggcgcgttgtaacgggccttgagggaatgtcactattgaggcacccgttcgaccctcagagatataccattccgcctattgtagctctcctcgtaccacagtcttgcaaatactgtcatagctatggaaccgccccgacgccgggattatggcctctcatggactcagtgtgatcagaacctgctcgagtggggactggatgcagagctgatctctgtagtgtgttgtgtcgcgggagcaccaccggatgacaaccgccatattccagtgcccaaatactcactggtaacggcttgaactcatgctaattccattatagttctttaaacataagctttgccctcggggcccatcccctgaaccatgcggtgagtcacgtacgcagacctgaaaattaaagatccggacaggcccgaccttagccaagggtaagaaccgcttcacttagtgaacatcctatccagtccgtgcagcatcgtctacggtccgggcttctgccgaaaggtccattaaacagacagaaggataaatggctccagcggatacgcgcatattcggttatcgcagttaccgtgcaaaactgcatccccgctgggataagcacatgagatggacaaggcttcctatgagtgattccaaagaacattgcccgacgaccgagccttcaggtaatccacgagacatatgctaaccagtggtgccatgg",0.522482014388489,1112
"ERCC-00120","C",0.91552734,551343.5454,2756.717727,"ggcgtctcacctggcttgattcagttaatggagcacttgtgggagtgccgcgacacaacatccgctagcctcagtcgaatgacaagttagaacaggagtggggccgatctctgcaaactcctattgtcaggggtggtggacggtatagggttttgcgcctacctgaatgcaagggcttacctccaacggcttagatgtgcctagaaggtacgcccttcagtcaagaccggcccggcgttagttaaagcaggcttgtcacacatcacgtagttcctgctgcgttttaagtcattagctcccagtaacccatcaaccattaccgtatagacttatccgagtgtgatcaaataacgctgagccttatgatcctcgtcgacccaacaaccgccggatatacgttgggatataaacgaaacacgtaccgcgcgagtgacacgcgttgacgttacatggtaaactcgtagccaaccttaacattccctgcactatgttagtgcgtacaacattaaggg",0.505859375,512
"ERCC-00123","A",0.22888184,137835.8894,689.179447,"ttaagagaggaataattactttttcatcttacccaccaagttttagttttcttattctttcacttaatttttcgacctcctcctttgttaatcttgtagcttttttaacctcctccaattctttttgtaacattattactttaatccccagtattatgttgaggagtatgctaatagccacaattatatacaaaatcatccttatctcctcccgaacaatcctttaataaacttagatatgaatgattctttcttcttctcaagttgtgcttcatatttagctccaattaacttagctgctatctccatgactgcttgagcggctggagaatctggatacataataacgagaggtgttccaaatgcagctgccttcctaacatgagggtcctctggaacaacacctataacaggaacttctaaaattgtctctatagctttaacccccaactctgtactctcatttgaaaccctattaacaatagccccaatgatgtcagttcccaatctttttgttatagcgataatttttaatgcatctgatattggggatatctctggatttacaacgacaattaaaccatctgctgatgatattgctattaaagtctcttttccaatacctgctggacagtcaataattaaaatctcaactaaatcatgtattgcctttaaaacttcctcaagtttttctggtttagctcttctgaacttttctaatgaaacacctgctggaataactaaaactccttcaggaccttcataaattgcgtcctttatatctgctttaccagccaacacatcgtttaaggttactggctttccttctaaccccatgataggctctaagtttgccattgctatatcagcgtccaaaacagccactttttttccaaattttgcaagagccacagcaagatttgcagatatcgttgtctttccagtacctccttttccagatgctatcgcgatagctattccattaatgtcaccattct",0.364729458917836,998
"ERCC-00126","B",14.6484375,8821496.763,44107.483815,"ggagaccgaccgcgcattagtcaatcatatagttcgataaatgagacgtcacggatttgagtatcatttgctagaactgcttacctatctaaacgctcaggtatgcctgcgctgagactcagcatctcaatgtgaccgagcttgtgactccgcatcctcctgcaatatacccatcggccctcacggggtaacgtagctcttctgcgtacacctggctagagggtccttaccggctgtaagctcactacaatccaggtacagagtgcgttaaccggccattagagggccgctacacccgtcagaatttaaacgtatgggcggcgaagcgcgataatggttagaccttcttgcaggggcaaataacgattttgcgactgcccctttaagatggagaatggacaaacgctcattcctagtgaggacatcgacatcgttacgatgcaacgtcgagtggcggcataacacttggctcggtcctacccgcgacagtgcaacaaaaacagttgctctacattcgctatgcattttaacggatatgcctttgccccccgtccgtcatggacgaaaagtttggctatgcgcggaacattatgccggattactcgttatcgctgggtaatcgtccgttgggcccgctcttacgcgatcagtgccgttagcacatgcgcgaatagggcggattccgaaagcatgtgccaaattccccatgaccctgttccaggtgagctgacactatcagtcgaagttgtttccttaaccaggaaaaacgctgtttctccgtttgcttgtaccatgggggcagggaattcttcgagcgcgcgaatgtatacactattatctcatgtgcatgtccagagcgggctaacctaatatacctggtcgcatcgtccgagatcagttgggaatagcggagcggatacgcctggaacgctggggcgtgccagtaaacttactgttctccagttcctccatcatgttccgtctaatccggagatgtgtagctgcattgtgctccgttgcggtactcctcgactgggtgccatatgggctactggcgagaggaaatttgcttttgtgtatttaggcccgtggca",0.514625228519196,1094
"ERCC-00130","A",30000,18066425370,90332126.85,"gcattttgaaaattctatggaagagctagcatctctgacgaaaacagcagacggaaaagtactgaccagcgtcacacaaaaacggaacagggctgacgccgctacatatataggaaaagggaaggtagaagagctgaaggcactcgtggaagagcttgaagctgatctcctcatctttaatgatgaactgtcgccaagtcagctgaagtcattggcaacagcaattgaagtgaagatgattgaccgcacgcaattgatattagatatttttgcaaagcgggcgagaacgagagaaggcaaacttcaaattgagctggctcagctgcaatatgcactgccgcgtctgacgggacaagggatcaacctttcccggcaaggcggaggaattggggcaagaggtcccggggaaacgaaactggaaaccgaccgccgccatatcagaaatcgcattcatgaaatcaacacacagctttccactgtcattcgccatagaagccgataccgtgaaagaagaaagaaaaacggtgtgcttcaaattgcgcttgtcggctatacaaacgcagggaaatcaacatggttcaaccgcctgacgagtgctgacagctatgaagaagacctcctgtttgccacgctggacccgatgaccagaaaaatggtcctgccaagcggctacagtgttcttctttcagatacagtaggatttattcaggatcttccgacgacattgattgctgcattccgctcaacgcttgaggaagtaaaagaagcggatttaattctgcatttaattgattcttcaaatgaggattatgcgggacatgaaaaaacagtgcttcggctgcttgaggagcttgaagcagatgatatcccgatgctgacggcttacaataaacgtgatcaaaaactgcctgattttataccgaccgccggaagggatcacattatggtcagtgcgaaatttgaggacgacgctgcagcctttaaagaagcgattcagcgctatttgcgccaagaactgttaacgtcttgaattct",0.467632850241546,1035
"ERCC-00131","A",117.1875,70571974.1,352859.8705,"cgccggataaaggcttcttcggtactatacaagttgtctacgcacatttgccttgggtattaaactctagtaggagcgaaacttgacatatcaaacctctctggagaggcatctcccagacattacggatgatcaggtctcagcgaatcctagctgtgcggataatttgtggcccgcacaaccgcaagacaccgccgtgtctattccacaaacttcgacatatcaataacgcagtaacaacgttaagtagggggacaggcagtgcgtcctaaggggcttgaggtcgcccgattcgcgatctaatcttaacagacgaggtggcgtaagatgtacctcgttcaatctaagtatgaatttgtccgctgggtaatggtggaattaaagaacatgcgtaaaacgacctcgttgtaatttgggtcggcccgtctcggcaaatttgcccttgcagtgaagctcggattggatgtctcgtaaggaatacttattgcgggtggtacgcaaattcgcaaccatgtgaagtaatgtgagcgtacttcacctgctccggtacaagccgccatgtgctcatgttgggaacctcctgcgtaacaaccggacgcttgcgaaagtcattcccctatcggtacactattggaaaacatgacaaacgtataatgcgtgatgaccgcaacaggtgtaagtgcaccaactagtattggctcctgtccacatggtcgggttttccgcccccaaacatgcaaacatccg",0.48995983935743,747
"ERCC-00134","A",1.83105469,1102687.097,5513.435485,"aggctttgttattggtattgacttacaaacagttaagccatttgaatatgataatgtagttgcaataaaaggagatttcaccttagaagaaaatttgaacaaaattagagagctaattccaaatgatgaaaaaaaggtggatgtggttataagtgacgcctcccctaatataagcggttattgggatatagaccacgctcgttcaatagatttagtaactactgccttacaaatagctactgagatgcta",0.344,250
"ERCC-00136","A",1875,1129151586,5645757.93,"tttcgacgttttgaaggagggttttaagtaatgatcgagattgaaaaaccaaaaatcgaaacggttgaaatcagcgacgatgccgaatttggtaagtttgtcgtagagccacttgagcgtggatatggtacaactctgggtaactccttacgtcgtatcctcttatcctcactccctggtgccgctgtaacatcaatccagatagatggtgtactgcacgaattctcgacaattgaaggcgttgtggaagatgttacaacgattatcttacacattaaaaagcttgcattgaaaatctactctgatgaagagaagacgctagaaattgatgtacagggtgaaggaactgtaacggcagctgatattacacacgatagtgatgtagagatcttaaatcctgatcttcatatcgcgactcttggtgagaatgcgagtttccgagttcgccttactgctcaaagaggacgtgggtatacgcctgctgacgcaaacaagagaggcgatcagccaatcggcgtgattccgatcgattctatctatacgccagtttcccgtgtatcttatcaggtagagaacactcgtgtaggccaagttgcaaactatgataaacttacacttgatgtttggactgatggaagcactggaccgaaagaagcaattgcgcttggttcaaagattttaactgaacaccttaatatattcgctggtttaactgacgaagctcaacatgctgaaatcatggttgaagaagaagaagatcaaaaagagaaagttcttgaaatgacaattgaagaattggatctttctgttcgttcttacaactgcttaaagcgtgcgggtattaacacggttcaagagcttgcgaacaagacggaagaagatatgatgaaagttcgaaatctaggacgcaaatcacttgaagaagtgaaagcgagactagaagaacttggactcggacttcgcaaagacgattgactagtttcccttgtgaactaggattttcccgggt",0.42418235877106,1009
"ERCC-00137","D",0.91552734,551343.5454,2756.717727,"caaagcaaacctaatgaagccagacacgagatcacagaaaatcgctgactatcccgagtgcgcggcgagctacaatccaagatgattattttttcacgaccgggcgctggtcaggtatatcgctggtacagatggcggcaagcatcgttgtcaccacttccttcacgatttccgttagagccgagtggtacagcacgtacgttatatatgggagtacggacatgcttcccacctcgtcagccaagatgatagatacccgtagcgtgatggtcttatagctgctctgatggacttcgaaagatcaccgtgcagctattcaaaaaagcagccggggaaaaggtggtctcgcccgaaagccatgacctccgatcactcctggccggtagtcggtttattgcatattgtacagttgcgcgcgcggcaggtcacatccccctggttaaatagaggcacgagcgctcgtttttgggtgatcaatatggcttacccccgagagagttgtgagcttgcacg",0.518518518518518,513
"ERCC-00138","B",0.11444092,68917.94468,344.5897234,"ccctgctaaaagaggttggttgtataagatttggagaatttatcttagcctctggtaaaaaaagtaactactacatagacataaaaaaagccaccacaaacccagaaattttaaagttagttggagaaattattgctgagcaaataaaggatgaagatgtaaaagttgctggagtagagcttggttctgtccctatagctacagctgtctcaattattgctcaaaaaccactattaattgttagaaagaaacctaaggattacggaactaaaaataagatagaaggagagctaaaagaaggagataaggttgttattgtggaggatgttactacaactggaggaagtgtgctaaaggcagttaaagagattagggaaaatggtggaattgttgataaagttttngttgttgttgataggttagaaggagctaaagaaaacctacaaaaagagaatgttgaattaatcccattagttactgttaaggagctacaatccactcaataaatctaaaaacctcttagtccataggggaaacccctattgggatactccccgtccattaagttgctcctttcaggagcaattaatgtccattttaagcttataatccactcaataaatctaaaaacttcttagttttctcttttttaaccttaccaaatttctctaatttgctaacatctacatttttatcctttaaaatttcttttattggttctatgagtgcaatttttttaagtaagtcttcaatatccttctttttgaagttaaatctttccacagcatcccagtcgtgaattaagtataaagcaactccaccaatgttctttaaaggaatctgatattttggcaactcctcctccaatttaaattttaaatctaaaacatccacacaattaatcccatcaacactcatccaagataaaaatcctctctgtggagtaatcataatagatgggaacaaattactccttgcccttcatctggtgttttgtaga",0.337337337337337,1000
"ERCC-00142","B",0.22888184,137835.8894,689.179447,"cacctgtcacatttccaatcggctccaggaagagagaagtgacggcttgatcctgtagtaatccgggatcgacttaaggggtgcagcgaccacggcggatcgggcgtcgcaatagtcctcctgttaggagggtccttctaatgttaacgcccgaatattagtcatattttgctagcgcctatcagcgtaagatatgatttaagttacaccaggagagtagcgagatagaaccactcgttggatcggtctttcttaattgactactatcagatccggcgcatggcgctgaggtcaaactacattacaggccctggtttccatgggtcagcgcaagtacaggcgagcagatacaaccttccggagacttcgcctccacacaccggagaccctaaccgtacccaaatgtaactagcgcctctggtgtgagcttactagaaagtaggccgggccggtcgacaggaggttgcgc",0.522388059701492,469
"ERCC-00143","C",3.66210938,2205374.194,11026.87097,"atgcagcgtaggtatcgactctcactgtggagtcgtctatgatgtcgtggagtcctctcagagtgctgtaggtcctcataggtcgtgctgtctctctacacgcgtgcgtgagtctacatttctgcgagttggtgctctcactgcggtgtcagtgatctctccgcgtgtgacatgagtctagcttcgcggtcatggtctatcccagcgatggatgagactactctgtactagatggtcatgcctgcgaatgagtcgtcagtgcccacaatgtctcgatagtgcgccgaatgtgtctgtaatgcctcgaatgtgtaatcgtcaactcgtatgtgaagtgctaggctagtattgacatctacgggcggctattgacgaactctccggtatatgctctacatctgcagggaattgccgaccatatatgggtcttgctgatacgctagggtgcttgctacttagataggcgtcttggccgctattcgcggcgtgtctcagaatatgcgcgacgtgtctggtatatggcgactgtgtccgtctatacgcatactggtccacatatagacatacttccacgacatgacaaagcgtgctcctacatagcacgagcgtctcctaaatagatccggtcttatcgctgaatgtctaggattctcgtcaatgatctacgatcctcgctaagtattcagccacctcgtatagtattcgcgcacctgaggatttattcacctgactcgcgtataatatgccgtcacctagtcta",0.501315789473684,760
"ERCC-00144","A",29.296875,17642993.53,88214.96765,"agctaggataaattgacccgtatgaactgttgccggctcggaaatgttaaggctctgcgcacgcactttatcattcgcagcctgttctgtcagcgggtcagcctaggttacggtggaaccactcggtatcgtgcagacagggatcgtaaggcgatccagccggtataccttagtcacatatactatcgtaatattggcggttgctgacaagtaaatacggctaaaccggtcgttgaccaaccactctcgcgggggtcataaatatcactgagcccgggaagtaccccgtgacagacatacgaaaagcgtgataacgtattcgtaggtattatttccgttagctggaggtaaaggggttctggtcctagccgtgttatgtctatttatgagatggtaagctcgtcaccaactcgtcacgcgatcgaaatagcttggactaatgtccggcacataatcaagtctacatcaatcatgaatggtttctgatttgctaccatcagatatcatgtgagca",0.476653696498055,514
"ERCC-00145","C",937.5,564575792.8,2822878.964,"actgtcctttcatccataagcggagaaagagggaatgacattgttcttacacggcacaagcagacaaaatcaacatggtcatttagaaatcggaggtgtggatgctctctatttagcggagaaatatggtacacctctttacgtatatgatgtggctttaatacgtgagcgtgctaaaagctttaagcaggcgtttatttctgcagggctgaaagcacaggtggcatatgcgagcaaagcattctcatcagtcgcaatgattcagctcgctgaggaagagggactttctttagatgtcgtatccggaggagagctatatacggctgttgcagcaggctttccggcagaacgcatccactttcatggaaacaataagagcagggaagaactgcggatggcgcttgagcaccgcatcggctgcattgtggtggataatttctatgaaatcgcgcttcttgaagacctatgtaaagaaacgggtcactccatcgatgttcttcttcggatcacgcccggagtagaagcgcatacgcatgactacattacaacgggccaggaagattcaaagtttggtttcgatcttcataacggacaaactgaacgggccattgaacaagtattacaatcggaacacattcagctgctgggtgtccattgccatatcggctcgcaaatctttgatacggccggttttgtgttagcagcggaaaaaatcttcaaaaaactagacgaatggagagattcatattcatttgtatccaaggtgctgaatcttggaggaggtttcggcattcgttatacggaagatgatgaaccgcttcatgccactgaatacgttgaaaaaattatcgaagctgtgaaagaaaatgcttcccgttacggttttgacattccggaaatttggatcgaaccgggccgttctctcgtgggagacgcaggcacaactctttatacggttggctctcaaaaagaagtggataagctgtacaatcgtttcatcattcggcgtgcgaattaa",0.453831041257367,1018
"ERCC-00147","A",0.91552734,551343.5454,2756.717727,"ccttgcttaaccttaatcttgccttattacaatatttttagaaaaataaaaagtaaaaataaaagcaaatccttaatctttggtgatattgatggagaggtatgaaatccctaaagagattggagaaataatgtttggcttgttgtctccagattacataagacagatgtcagttgctaagatagttacaccagacacttatgatgaagatggttatccaatagatggaggtttaatggacacaagattgggagttatagacccaggtttagtttgcaaaacatgtggaggaaggattggagagtgtccagggcattttgggcatatagagttggctaaaccagtaattcatataggatttgccaaaacaatatacaagatattgaaggcagtttgcccacactgtggaagagtagcaataagtgaaactaagaggaaagaaattttggaaaagatggaaaaattagagagagatggaggaaacaagtgggaggtttgtgaagaggtttataaagaagcttcaaaagttacaatctgcccacactgtggagagataaagtatgatataaagtttgagaaaccaacaacctactacagaattgatggaaatgaggaaaaaacattaactccatcagatgttagagagattttagagaagattccagatgaagattgtatcttactcggcttaaacccagaggttgcaaggccagagtggatggttctcaccgttttgccagttccaccagtaactgtaaggccatcaattaccttggaaactggagagagaagtgaagacgatttaacccacaagttagttgatatcatcagaatcaacaatagattagaggagaatatagaaggaggagcaccaaacttaattattgaggatttatggaatctgttgcagtatcacgtaaatacctacttcgataacgaagctccaggtattccaccagctaagcacagaagtggaagacattaaaaaccttagctcag",0.373373373373373,999
"ERCC-00148","B",14.6484375,8821496.763,44107.483815,"catctccatttggtcacgtttacaaccggagtagacggccatagcaggaggggtgtgcgacaggcaggaagctctcgcggggtccaagcattgctgcaatgggcgtccttgctcgatgttgacccgaagctctaactgcatttcaagtccgaatctctagatatctcgagagccaatggttaaggaaggggcgtcaattttgcgcggacacgctgcaggatgtaatgattaagccgtagttgaatttatggagcggtgccccgggaaaggtataaatcggaggcaggggtttacggcgtcaggatagttcatagcgtacgcagaacgagaacaagtgagacgtgtatagttgccatgctgagtagacctggcgtctacccctccaaacgcattcttattggcaaatggaagtagcttccacagtttgtaacaagccgtgcctgcgcatgttatttaccaatggagaatcg",0.51063829787234,470
"ERCC-00150","B",3.66210938,2205374.194,11026.87097,"agcttgatgtgacatcacgtcccaatcaatttggttttactcccctcgattatgcggagttatcagtaagagcgggtaccgttctgctgaatgcactatgagggcgacccttgatcttcattcgttccatagatgcaaatacccgggtactagttggcgaagtttggctaaagattgcccacttactaggtgactgttaactagaaagttgcatgaggctggtaagtgaggggctcagtgaaacaggatacaccgtaccgtgacgattcccgtgtgggcttgacattcagccagcctcccgcttgtacagaggcagactgtccgatgcctagtatgttcactatacgatttcttgggctagctaggtgtcttgaccccatattccaaagatccgaacctgcttgtacttatcagtacgagttgatgctcttggggtacctattttttgatccgatagtattggttctggcgtgttctcgtaaccccgggcactagattatggtgaatggtgtgtacacactacttgacggggcgttaccattttcaggtgggcacaaatagctaaagcctcgtccgcattacgccccatggctcacgtctcagaggaggctagctcgaggtcacccataagggattacggagttacacccatagtaacagacggaaattgttgataacagatagttaatacgccttggctgaggagaccaacggacttc",0.485396383866481,719
"ERCC-00154","A",7.32421875,4410748.381,22053.741905,"tcactagatcagaagtctcccactcgagactaatcttggactatctatgagcacctattgcgctgtggaagattgcccctaggtctctggcggctccgattgcgggatgaactggttggtccgaggaggcatataggaaacgatgggcacgcgctattcagacgttatttggtatggagtaagaggccggaaactgggctcgattgatggatactgatcagtcaactcaagcgaggatatccatacccaccgacggtatggtcattaatacccagtattgactagtcggaggtctaatttggaacgtattccgccgcacacacgagattcacttacatggacgtgaagattgatcgccgggcgactattattgcacgaccttcgcctgccctcagctgcgccctttttgtccacgacgcaggctggaccaagcagccgaggctgcgctccggcatcaaagtccacgagttacagccagcgggttttaagggggtattagcatctcgagtgagt",0.524366471734893,513
"ERCC-00156","A",0.45776367,275671.7727,1378.3588635,"cacaagaatccctgctagctgaaggagggtcaaactataacacctttagcattcgtacaggcaggctaagtgaatactaacccaccggcagcccgttgtagtaacgttgacccctggctcggagacatttggtgttgcctagtactaggtgactggtaccgattcataggttcgccattctcttatcgagagcccgaggtagactatcttccagatgatgccatacgttcactcaatcgcgcggcatgcacggtggggctacgaacttgctatccataggctctagatgtggtagaaatatgctgcaggggttctgtcgaatttgctcggcaaccgtggccgtgtatgctttcatatcccggcggtgtgatctagccttctcgccatatgagggcgctgagcatagacccaaacccgactagtcgaatcttagggttgtatgctagaacggcatggtataagccgtgctc",0.514893617021277,470
"ERCC-00157","C",7.32421875,4410748.381,22053.741905,"ggtctttgtcacctccgtcaatttgtattagaacccgtgaaggcccaagtaacaggcccagggttaacatgtacggaacatactccttccacggaagattggggatgaaagttgatacccaaacttcattaacacaaaggcgatgtgggccgagtactgtgcttacaccaacagggcggctcaactgggttggtagccagcactagcttattcacaattaaggccgtatgcattctactgcttatccggtggtgattgcagccagggcggaagtgaacacgcttgtacgatgtgtttgcataagcggttaccacaggcgctactctcgtcgatagccgactactaatattcagccggcgccggtagatagcgaggctttgggggtagctttaagtgcggtctaggctcagttgacgatacttacttaggcagggttacaacccttatgatggggtatgaggcacgtggccattcatccggacccgatgctgtcgtgcttctcgttggcaatagcgcggattagtacaggtgactagttcagctgttgttcggattccaagtaagctcgcatagagctggacttctcggaacggtcctgacgcattcctgcatcaatacgcggcaccgggggtccgatagcatctcgccttagatccggcgggggatacttggtcaaagctcactacgggactagagtggctagtgcagatgcgcagcgcagatatgctatacgagatgagcttcaaattcatggagttatgacgatataacgctaggatctgacgcagtgacaccggtcgtgtgacaactgggctttaagtgaggcatcagaagtatacttttaatggtgccgctcccaaatccccgatcttgccacgattgcctaagccgtcatgttagaggcggtcacagcaaaccctcagtttaccggttcgatgattatacgatgccggagcgaacgactacgctcgaagtttggttatctagagcacgtc",0.51356783919598,995
"ERCC-00158","B",0.45776367,275671.7727,1378.3588635,"gagctctttcaacagatcatggaactacgggagaaataaacatttggatagaaaatgtaacatttaaaaatgatgcaaaatcatattcctttaatttaacgaatcttaatatatgggcagtaaataaatctgcttatgagttgtattggaatccatttaacaaatctatctggatagatgggagtaattacactataactccaaatattgacatacctccaggagaagtatggaactctaaaacctacaacttcacatttagtggagttccaatcgtttgggcaaactgctcatttacactgtcaaaaaaagattatatccttttaaatgaagtaagtcaaataggaagttcctatgttgttgttgaggagatttatgttgtgggtagttatttgattaaggtgactaagcatattgttccggatgcggatgggacttatgatatttatatagttgtggagaatattggtagtgtgaagactcctgagtatgtgtatgtttatgatttgattcctaagaacttcaccgtctcagatgagtgggttaatcaatcaagtatgttgattgctgaaggaaatcacaccattacaacaaatccaaggtataatttaagcatgtggtgggcgttacatgcaatatatccaggagcagatggggacggtaactggaacgacactgctgaaatacttgcaaataaaacagtagtcatacactacaaactaaacggaactggcgaattctacccaagcgacgcatttatcgttggtatcgaccctacaaactcactactaccaacaacctcaccaaaaataacaacagtagccggaacagtagaaaacaactttgagatatttttaatactgataaacgttatctttggattaggtatattaacaaagaggaatataaggaataataaataaagttgggggatgatgatgaagagatttgcattactctttattttccttgcatttataacaccacttttgcagatgttgag",0.349950149551346,1003
"ERCC-00160","D",7.32421875,4410748.381,22053.741905,"tccttggtttgaaatcaaattactatagattgcatgcagaagtagggctttacaagtttgttcctaattccgttgaacaatagcgaatgtatgatggtcggtcattgccgcaaccctgaagcagtgagcgtggttgagtaaccacgtactagaagtccaaggatggttgcagtagctagctcaattgccattgctggaatagtgtcggtaaaccacgcaccggggagccgcgtttcgttgcgataacctcatatagtcccagtctcggacgcgagcacctgcagcgtaattaataaggtcaggctatgattcaccaccgtgtaggagttatgcgccttatcgcgaaggtagttactcttgccagtgggcatgaaattgcgagcttgccctagtagcgttagtaccgtcataagccactctaagagatcgaaattttatacagtagtactaacagcagacctgcaatatcaaagttataagcgcgtcgacacgcctcgtctaagaaaaactacttccattaaagttcgaggacaaatgcggtctgattcagtcctatagcgaggccattgcagtgtggtctgccgtggtcggctcgataataccatgataactactgactgcgcagttgtagcgaccgcaatggggagtgtgtgttctttatttcaactgcgtggcttatcctacttaggagttgtggataccagattatctcgcggtgg",0.471488178025035,719
"ERCC-00162","C",58.59375,35285987.05,176429.93525,"ctccacagattcccatgtgtccaattctgaatatctttccagctaagtgcttctgcccaccagcaacaactatgttgtatttgttgcttaatatacctctaaatttgctatcttcaatgccttctggatattttgctgatgtaactgttactgaccttgccctctccttggcaaacaactctattcccattgcctccaaaccagcccttgttgcttttgctaatctctcatgtcttttaaccctattctcgattccttcctctaaaactaaatctaatgcaacatttaaggcataggttaaattaactgatggtgtgtatggggtttgttttttctcttcatagtattttttataagccaataaatctaagtagaaaccaactttgtcatcattcttcttaataacttcccatgccttttcactgactgttattgcagccaatcctggtggagctgccaaacatttttgagaaccagtaacacagatatcatgtggaat",0.37875751503006,499
"ERCC-00163","D",14.6484375,8821496.763,44107.483815,"atagactagcctgccggtcaataactgatgacgcggagtcaacctgataacccatagcggaacagtctaacctacgcgagatacgtcttaccgcacataggtaacctattcgtgactagcaggccttattccggtgctatgagtatcttacctggtctaggtatctaattcgtgggtcgggtactacattcgtgcgatgggtcctcgcttcgtctatgaggtctcgtcttcgtgagtgcaatgtatccgaagtcgtagtgataatatggaactaggcgcgatttgacgaacgtatgccgcatattcggaacgtcgcctggaaattcgccacctagatcgaaattatcggaactcgtcgcttatttacgaaccttgggagccgttcctaaagctgagtctggtttcttattagcgaggagcatttcgtgaatactgagccgaatatcgtaagacacccgcgagcgactgtaaactaatcggggaacttattatagggccggtccaggtcttgaacgacgt",0.48747591522158,519
"ERCC-00164","C",0.45776367,275671.7727,1378.3588635,"aggagctccagtagttttcccctcaaaaattcctgataagatttcaactttatcctcttcttttcttggtgttgagaagatgctctgccctggtcttctcctgtcaagctctttttggatatcctcttcagataaaggcagattagttggacatccatcaacaactgctccaacagcctttccatgactttctccaaaaactgtaactctaaacatatccccataggtgttcattaatgtcaccaaaaatttttaattgcttagttttacatttaaaataaaaattaaaatagtcaaaaaataaaaaaggtttatctgtagagaacatccaagtgtgctggttccttaactttaactttctttttctccataatcttctcaactgcctttctaaagtcatccattgttacatagtcccttaactccctaattgcattcatccctgcctctgtgcagattgcctttaactcagcccctacacatccttcagtcatcttagctatttcttctaaattgacatcttccgctaaattcatctttcttgtatgaatcttcaatatctccaatctacccttctcatcaggagctgggacttctatgattctatcaaatcttccaggtcttaatattgcagggtctaaaatgtcaggcctgtttgcggccccaattatcttaacatctccccttgcatcgaatccatccatctctgccaacaactgcattaatgttctctgaacttccctatctccaccagttaaagcgtctgttctctttgctgcaatagcatcaatctcatctatgaatatgattgaaggagctttttctttagccaatttgaatatatctttaactaacggagccccctctccaataaacttcttaaccaattcagaaccaacaactcttataaaggtagcatttgtttctgtagcaacagctttagctaataatgtctttccagttcctggtggcccgtaaagagaataccttttggtggt",0.379759519038076,998
"ERCC-00165","D",58.59375,35285987.05,176429.93525,"gatatgcgttacgtgagtctgatagcagttcactacctggatatctgatccactagctcgatcatgctcacccatagtttatctgcatcactcgtactgaaatgctcacatcgcaggtagagcagcatcgtagagcgtcaagctgcatcctagcgtcatgagtcatagtacctcatgctcacgtgatctaccctagctgaccgctaatgacggcagtgcaacctgagataccgacggcatactgtcgtcaacgtcaggcaatgtgtccgaacggcgagctacgtcgcctcacggagtaatcgcgtccctctaggtatagtgccgtcggttcaggtcatatgtcgcgggttctgcacatatcacggacgtatcgctatcagacggacgctctcggacctaaaccgtagctctcggcaagatcgtcctcgtctcgaatatagcgccctagtgctgcaaatgtcaccgctatctcgtaaggggtccgtctgttgagttaggcctcctctcgttggatgtgagctcggttgcttggatggtgcagcttacttcgcgtacctgctgtttgcatcagtcctctgcatctataatcgcgtatctctctctagtagaccatatagccatctaagcgctcgatattccacctaagtggcgcctattgaactaagtggcagccgaatggactatcgctcctcgatatgtacggataggccacggcatgtacgagcataagccgaactgcacgagcatacccgacactgatctgagagtcgcttaaatcatctgcgtgtcttagagcttatcgccatgtctgtcaactgtactgtcatcctgtaactgtagcgtatgtg",0.514150943396226,848
"ERCC-00168","D",0.45776367,275671.7727,1378.3588635,"ccaatgaactcagctattcttcttaacaaataactttctccagaaaattcaaatgtatcatcttcaggattccacctaaaaacatcatgtaatataatatcatcaatttttgggtcgtattcaacaatctcagttatactctcagttcttctaacaaatcttcctttataaatcaatctaacctgcatacatatggcatttagttgttcaagcataatctttggaatgttcattggttcagcattcaacctccttataactgcctctggggattttgcgtgtatcgttgataacgccaaatgtcctgtagttattgcttgaaataatatcttcgcctcctcacctctaacctctccaacaattaaataatctggtctttgccttaaagccgcttttaataaatccatcatagttatttcatattcttctccaccgaatccacttcttgtagttccagcaatccagttttcatgatacaacctaatttctggagtatcctcaatagatacgattttcatttgaggaaggatgaaaagagagaatgcatttaaaagggtggtttttccagtagctacctctccagcaaccataatagaatttttatattcaatgagtaaccaaagatatgcaagcatctctggagaaatactcccatatcttattaaatctgttggcaatataggagtgtgtgtgaattttcttattgtaaatgttgaaccatatcttgagatatcccttccaagggttacatttagcctgctaccatctgggagagaaccatccactattggattagccaatgttaaagattttccacacctttgggctaaggatatacaaaacgagtctaattcttcatcagtttcaaattttatatttgtctttaaatgttcgtattttctatgaaacacatacactggctttccaacacctgtgcaactgatatcctccaaattctcatctttcataagagcatctatttcccatatccaatgaggta",0.35,1000
"ERCC-00170","A",14.6484375,8821496.763,44107.483815,"tattggtggaggggcacaagttgctgaagttgcgagaggggcgataagtgaggcagacaggcataatataagaggggagagaattagcgtagatactcttccaatagttggtgaagaaaatttatatgaggctgttaaagctgtagcaactcttccacgagtaggaattttagttttagctggctctttaatgggagggaagataactgaagcagttaaagaattaaaggaaaagactggcattcccgtgataagcttaaagatgtttggctctgttcctaaggttgctgatttggttgttggagacccattgcaggcaggggttttagctgttatggctattgctgaaacagcaaaatttgatataaataaggttaaaggtagggtgctataaagataatttaataatttttgatgaaaccgaagcgttagctttgggttatgaaactccatgattttcatttaattttttcctattaattttctcctaaaaagtttctttaacataaataaggttaaagggagagctctatgattgtcttcaaaaatacaaagattattgatgtatatactggagaggttgttaaaggaaatgttgcagttgagagggataaaatatcctttgtggatttaaatgatgaaattgataagataattgaaaaaataaaggaggatgttaaagttattgacttaaaaggaaaatatttatctccaacatttatagatgggcatatacatatagaatcttcccatctcatcccatcagagtttgagaaatttgtattaaaaagcggagttagcaaagtagttatagacccgcatgaaatagcaaatattgctggaaaagaaggaattttgtttatgttgaatgatgccaaaattttagatgtctatgttatgcttccttcctgtgttccagctacaaacttagaaacaagtggagctgagattacagcagagaatattgaagaactcattctttagataatgtcttaggtt",0.345345345345345,999
"ERCC-00171","B",3750,2258303171,11291515.855,"ctggagattgtctcgtacggttaagagcctccgcccgtctctgggactatggacgggcacgctcatatcaggctatatttggtccgggttattatcgtcgcggttaccgtaatacttcagatcagttaagtagggccatatgcctcgggaataagctgacggtgacaaggtttccccctaatcgagacgctgcaataacacaggggcatacagtaaccaggcaagagttcaatcgcttagtttcgtggcgggatttgaggaaaactgcgactgttctttaaccaaacatccgtgcgattcgtgccactcgtagacggcatctcacagtcactgaaggctattaaagagttagcacccaccattggatgaagcccaggataagtgacccccccggaccttggagtttcatgctaatcaaagaagagctaatccgacgtaaagttgcggcgttgattacgcaggattgcgaccaaagaacgag",0.501039501039501,481
